_id,INTERSECTION_ID,DATE_EFFECTIVE,DATE_EXPIRY,ELEVATION_ID,INTERSECTION_DESC,CLASSIFICATION,CLASSIFICATION_DESC,NUMBER_OF_ELEVATIONS,ELEVATION_FEATURE_CODE,ELEVATION_FEATURE_CODE_DESC,ELEVATION_LEVEL,ELEVATION,ELEVATION_UNIT,HEIGHT_RESTRICTION,HEIGHT_RESTRICTION_UNIT,STATE,TRANS_ID_CREATE,TRANS_ID_EXPIRE,OBJECTID,Crashes2006,Crashes2007,Crashes2008,Crashes2009,Crashes2010,Crashes2011,Crashes2012,Crashes2013,Crashes2014,Crashes2015,Crashes2016,Crashes2017,Crashes2018,Crashes2019,Crashes2020,Crashes2021,Crashes2022,Crashes2023,CarsTotal2006,PedsTotal2006,CarsTotal2007,PedsTotal2007,CarsTotal2008,PedsTotal2008,CarsTotal2009,PedsTotal2009,CarsTotal2010,PedsTotal2010,CarsTotal2011,PedsTotal2011,CarsTotal2012,PedsTotal2012,CarsTotal2013,PedsTotal2013,CarsTotal2014,PedsTotal2014,CarsTotal2015,PedsTotal2015,CarsTotal2016,PedsTotal2016,CarsTotal2017,PedsTotal2017,CarsTotal2018,PedsTotal2018,CarsTotal2019,PedsTotal2019,CarsTotal2020,PedsTotal2020,CarsTotal2021,PedsTotal2021,CarsTotal2022,PedsTotal2022,CarsTotal2023,PedsTotal2023,CarsTotal2024,PedsTotal2024,TYPECHANGE,TYPECHANGESIMPLE,YEARCHANGE,CrashesBefore,CrashesAfter,CarsBefore,PedsBefore,CarsAfter,PedsAfter
53316,13462724.00,12/13/2023,1/1/3000,23922,Avenue Rd / Davenport Rd,MJRSL,Major-Single Level,1,501200,Major,0,0,None,0,None,8,367041,-1,112772,0,0,0,0,0,0,0,0,0,0,0,0,0,0,0,0,0,0,23654,1720,33842,1852,,,,,,,,,31782,4095,,,,,,,30637,4661,,,22531,3090,,,,,28301,3585,23597.5,2823,,,,,Standard-to-Continental,Low-to-High-Vis,2010,0,0,28748,1786,31782,4095
13334,13465980.00,12/12/2008,1/1/3000,24003,University Ave / Dundas St W,MJRSL,Major-Single Level,1,501200,Major,0,0,None,0,None,8,200000,-1,18721,1,0,0,0,1,0,0,0,0,0,0,0,0,1,0,0,0,0,31049,26055,,,,,,,24900,21610,,,,,27697,18932,,,21546,12603,29202,28927,,,,,20564,7743,,,16022.25,7010,13424,10279,,,,,Solid-to-Continental,Low-to-High-Vis,2010,1,0,31049,26055,27697,18932
11470,13463747.00,12/12/2008,1/1/3000,28478,Avenue Rd / Queen's Park / Bloor St W,MJRSL,Major-Single Level,1,501200,Major,0,0,None,0,None,8,200000,-1,15799,0,0,0,0,0,0,0,0,0,0,0,0,0,0,0,0,0,0,,,,,29508.5,14054.5,,,,,,,28134,9903,25109,14160,,,,,25152,16323,23127,13868.33333,23438,14885,,,17147.75,6025,17820.44444,7290.888889,16933.8,12831.7,,,,,Standard-to-Continental,Low-to-High-Vis,2010,0,0,29508.5,14054.5,26621.5,12031.5
54000,13464943.00,2/27/2024,1/1/3000,13690,Bathurst St / Harbord St,MNRSL,Minor-Single Level,1,501300,Minor,0,0,None,0,None,8,369070,-1,113593,0,0,0,0,1,0,0,0,0,0,0,0,1,0,0,0,1,0,,,,,19855,2174,,,,,,,23849,3383,,,,,14914,3012,,,,,,,,,,,,,12198.25,2384,,,,,Standard-to-Continental,Low-to-High-Vis,2010,0,0,19855,2174,23849,3383
49675,13468584.00,10/12/2022,1/1/3000,33284,Bathurst St / Lake Shore Blvd W,MJRSL,Major-Single Level,1,501200,Major,0,0,None,0,None,8,351887,-1,107887,0,0,0,0,0,0,0,0,0,0,0,0,0,1,0,2,0,0,30144,637,,,,,,,23644,999,,,,,24935,2277,,,,,,,,,,,23317,1862,,,17149,3596,,,,,,,Standard-to-Ladder,Low-to-High-Vis,2015,0,1,24935,2277,23317,1862
49836,13466234.00,11/7/2022,1/1/3000,13117,University Ave / Armoury St,MNRSL,Minor-Single Level,1,501300,Minor,0,0,None,0,None,8,352676,-1,108148,0,0,0,0,0,0,0,0,0,0,0,0,0,0,0,0,0,0,,,23354,5261,,,,,,,21384,3558,23281,4665,,,,,,,22897,7660,,,,,,,,,,,,,,,,,Solid-to-Continental,Low-to-High-Vis,2013,0,0,22332.5,4111.5,22897,7660
6565,13461005.00,12/12/2008,1/1/3000,1825,Avenue Rd / Balmoral Ave,MNRSL,Minor-Single Level,1,501300,Minor,0,0,None,0,None,8,200000,-1,8883,0,0,0,0,0,0,0,0,0,0,0,0,0,0,0,0,0,0,,,,,23849,824,,,,,,,22598,968,,,,,22523,1605,,,,,21489,1308,,,,,,,,,18176.5,1105,,,Solid-to-Continental,Low-to-High-Vis,2013,0,0,22598,968,22523,1605
6566,13460576.00,12/12/2008,1/1/3000,19280,Avenue Rd / St Clair Ave W / Glenn Gould Park Trl,MJRSL,Major-Single Level,1,501200,Major,0,0,None,0,None,8,200000,-1,8884,0,0,0,0,0,0,0,0,0,0,0,1,0,0,0,0,0,0,,,24896,2129.333333,,,,,,,,,29869,5149,28639,3255,,,,,28903.5,3839.5,,,29207,4779,,,,,24004.16667,1957.166667,20647,2134,,,,,Always Ladder,High-Vis Unchanging,,0,0,24896,2129.333333,22325.58334,2045.583334
25042,13466931.00,12/12/2008,1/1/3000,4234,University Ave / Adelaide St W,MJRSL,Major-Single Level,1,501200,Major,0,0,None,0,None,8,200000,-1,33677,1,0,0,0,1,0,0,1,0,0,0,0,0,0,0,0,0,0,,,25028,8469,,,,,,,24369,10012,22533,9272,,,,,,,22248.83333,15904.5,,,,,22637,17227,,,,,,,,,,,Standard-to-Ladder,Low-to-High-Vis,2013,1,0,23451,9642,22248.83333,15904.5
5564,13455466.00,12/12/2008,1/1/3000,36947,Avenue Rd / Glengrove Ave W,MNRSL,Minor-Single Level,1,501300,Minor,0,0,None,0,None,8,200000,-1,7260,0,0,0,0,0,0,0,1,0,0,0,0,0,0,0,0,0,0,18207,383,,,,,,,20855,1030,,,,,,,,,,,,,21790,416,,,,,,,,,16388,456,,,,,Standard-to-Continental,Low-to-High-Vis,2013,0,0,20855,1030,21790,416
5665,13463232.00,12/12/2008,1/1/3000,19124,Weston Rd / Keele St / St Clair Ave W,MJRSL,Major-Single Level,1,501200,Major,0,0,None,0,None,8,200000,-1,7410,0,0,0,0,0,0,0,0,0,1,1,0,0,0,0,0,0,0,,,,,,,12637,947,,,23778,2449,20615.33333,2542.333333,20808,2712,,,22509,3203,,,,,21636,3622,,,,,19126,2689,,,,,,,Standard-to-Ladder,Low-to-High-Vis,2010,0,0,12637,947,21733.77778,2567.777778
24449,13466139.00,12/12/2008,1/1/3000,36314,Parkside Dr / Keele St / Bloor St W,MJRSL,Major-Single Level,1,501200,Major,0,0,None,0,None,8,200000,-1,32897,0,0,0,0,0,0,0,0,0,0,0,0,0,0,0,0,0,0,,,,,25699,2085,,,,,,,21513,2649,,,,,,,,,23857,3018,,,20833,2204,17240.25,3237.25,18580.83333,2697,17140.5,2776,,,,,Solid-to-Continental,Low-to-High-Vis,2010,0,0,25699,2085,21513,2649
11616,13467856.00,12/12/2008,1/1/3000,12001,Spadina Ave / Front St W,MNRSL,Minor-Single Level,1,501300,Minor,0,0,None,0,None,8,200000,-1,16069,0,0,0,0,0,0,0,0,0,0,0,0,0,0,0,2,0,1,24659,1815,22481,2884,,,,,,,,,21374,7070,,,,,,,20149,8138.166667,,,,,,,,,,,17342,4371.5,,,,,Standard-to-Continental,Low-to-High-Vis,2010,0,0,23570,2349.5,21374,7070
8840,13463078.00,12/12/2008,1/1/3000,33570,Bloor St E / Sherbourne St N / Sherbourne St,MNRSL,Minor-Single Level,1,501300,Minor,0,0,None,0,None,8,200000,-1,12084,0,0,0,1,0,0,0,0,0,0,0,0,0,1,0,0,0,0,,,19481,8917,,,,,,,21204,9748,,,,,,,17241,11231,,,16371,6036.5,,,,,14499.75,5093.5,14647.5,5234,,,,,,,Standard-to-Continental,Low-to-High-Vis,2010,1,0,19481,8917,21204,9748
5578,13456838.00,12/12/2008,1/1/3000,3609,Avenue Rd / Roselawn Ave,MNRSL,Minor-Single Level,1,501300,Minor,0,0,None,0,None,8,200000,-1,7277,0,0,0,0,0,0,0,0,0,0,0,0,0,0,0,0,0,0,22103,757,,,,,,,23299,1259,,,,,,,,,,,,,20957,940,,,,,,,,,15643,985.5,,,,,Standard-to-Ladder,Low-to-High-Vis,2013,0,0,23299,1259,20957,940
29872,13462643.00,12/12/2008,1/1/3000,692,Kingston Rd / Woodbine Ave,MJRSL,Major-Single Level,1,501200,Major,0,0,None,0,None,8,200000,-1,40174,0,0,0,0,0,0,0,0,0,0,0,0,0,0,0,0,0,0,,,,,,,19362,1117,,,,,,,18835,940,,,20010,788,19577,725,23047,954,,,19428,999,,,,,15558,813.1666667,,,,,Standard-to-Continental,Low-to-High-Vis,2014,0,0,18835,940,20878,822.3333333
4519,13465876.00,12/12/2008,1/1/3000,21150,Bloor St W / Dundas St W,MNRSL,Minor-Single Level,1,501300,Minor,0,0,None,0,None,8,200000,-1,5554,2,0,0,1,2,0,1,0,1,0,0,0,0,0,0,0,0,0,25063,7903,,,,,,,,,25865,10313,,,22308,5399,,,19424,5303,,,,,,,19090,7611.5,11824.25,166,15115.33333,1852,16127,6549,,,,,Standard-to-Continental,Low-to-High-Vis,2012,3,1,25865,10313,20866,5351
4943,13462422.00,12/12/2008,1/1/3000,6542,Bathurst St / Davenport Rd,MNRSL,Minor-Single Level,1,501300,Minor,0,0,None,0,None,8,200000,-1,6319,0,0,0,0,0,0,0,0,0,0,0,1,0,0,0,0,0,0,,,20198,1182,,,,,23632,580,,,,,,,,,20216,875,,,,,21242,477,,,,,,,,,,,,,Standard-to-Continental,Low-to-High-Vis,2014,0,1,23632,580,20729,676
7336,13467722.00,12/12/2008,1/1/3000,25893,Bathurst St / King St W,MJRSL,Major-Single Level,1,501200,Major,0,0,None,0,None,8,200000,-1,10043,0,0,0,0,0,0,0,0,0,0,0,0,0,0,0,0,0,0,,,,,17249,7725,,,,,,,20964,7353,,,20414,12468,15557,9020,15648,10956,,,,,,,,,,,9658.75,9348.5,11022,9309,,,Standard-to-Continental,Low-to-High-Vis,2010,0,0,17249,7725,20689,9910.5
54031,13464096.00,2/29/2024,1/1/3000,479,Jarvis St / Wellesley St E,MNRSL,Minor-Single Level,1,501300,Minor,0,0,None,0,None,8,369188,-1,113629,0,0,0,1,0,0,1,0,1,0,0,0,0,0,0,0,0,0,,,,,21407,4215,,,23379,2540,20322,5001,,,,,,,,,17504,5213,,,,,,,,,,,13772.5,4032.5,15988,5504,,,Solid-to-Continental,Low-to-High-Vis,2010,1,2,21407,4215,20322,5001
49682,13465260.00,10/13/2022,1/1/3000,34651,Dufferin St / Bloor St W,MJRSL,Major-Single Level,1,501200,Major,0,0,None,0,None,8,351918,-1,107900,0,0,0,0,0,0,0,0,0,0,0,0,0,0,0,0,0,0,,,,,19666,8774,,,,,,,20834,9878,,,,,,,20244.5,12080.5,,,,,,,15419.5,6950,15493.75,6787.5,15395.5,10522.25,,,,,Standard-to-Continental,Low-to-High-Vis,2012,0,0,19666,8774,20244.5,12080.5
4411,13458084.00,12/12/2008,1/1/3000,35803,Bathurst St / Eglinton Ave W,MJRSL,Major-Single Level,1,501200,Major,0,0,None,0,None,8,200000,-1,5345,0,0,0,0,0,0,0,0,0,1,1,0,0,0,0,0,0,0,,,,,27565,3788,,,,,,,29261,2961,,,,,20006,2504,,,,,,,,,,,,,,,,,23670,2026,Standard-to-Ladder,Low-to-High-Vis,2013,0,2,29261,2961,20006,2504
13328,13465527.00,12/12/2008,1/1/3000,11991,University Ave / Gerrard St W,MNRSL,Minor-Single Level,1,501300,Minor,0,0,None,0,None,8,200000,-1,18701,0,0,0,0,1,0,0,0,0,0,0,0,0,0,0,0,0,0,,,23166,6211,,,,,,,20232,9409,19430,7422,,,,,,,,,25160,9081,,,15566,1684,,,,,,,,,,,Standard-to-Ladder,Low-to-High-Vis,2010,0,0,23166,6211,19831,8415.5
53334,13462730.00,12/14/2023,1/1/3000,27579,Dupont St / Spadina Rd,MNRSL,Minor-Single Level,1,501300,Minor,0,0,None,0,None,8,367080,-1,112791,0,0,0,0,0,0,0,0,0,0,0,0,0,0,0,0,0,0,,,20446,2442,,,,,,,,,19231,3189,,,,,,,20139,4549,,,,,,,,,,,14662.5,3141,16391,3932.5,,,Standard-to-Continental,Low-to-High-Vis,2010,0,0,20446,2442,19231,3189
11399,13465166.00,12/12/2008,1/1/3000,11986,University Ave / Queen's Park / College St,MJRSL,Major-Single Level,1,501200,Major,0,0,None,0,None,8,200000,-1,15672,0,0,1,0,0,0,0,0,0,1,0,0,0,0,1,0,0,0,,,,,,,30476,10770,,,,,,,,,,,,,29926,22197,24885,15799,,,,,18546,5627.25,19275.66667,6575.833333,,,,,,,Always Ladder,High-Vis Unchanging,,1,1,30476,10770,18910.83334,6101.541667
24420,13459295.00,12/12/2008,1/1/3000,9839,Oriole Pkwy / Gormley Ave,MNRSL,Minor-Single Level,1,501300,Minor,0,0,None,0,None,8,200000,-1,32844,0,0,0,0,0,0,0,0,0,0,0,0,0,0,0,0,0,0,,,16652,251,,,,,,,,,13752,306,,,,,,,18589,195,,,,,,,,,15762,354,,,,,,,Standard-to-Continental,Low-to-High-Vis,2013,0,0,13752,306,18589,195
51475,13458404.00,8/22/2023,1/1/3000,17154,Mount Pleasant Rd / Merton St,MNRSL,Minor-Single Level,1,501300,Minor,0,0,None,0,None,8,363323,-1,110720,0,0,0,0,0,0,0,0,2,0,0,0,0,0,0,0,0,0,,,19837,977,,,,,21549,1327,,,,,,,,,,,17395,1025,18781,744,,,,,,,,,,,18586.25,1305.5,,,Standard-to-Continental,Low-to-High-Vis,2019,0,0,18088,884.5,18586.25,1305.5
18803,13460523.00,12/12/2008,1/1/3000,10301,Woodbine Ave / Danforth Ave,MJRSL,Major-Single Level,1,501200,Major,0,0,None,0,None,8,200000,-1,25718,1,1,0,0,0,0,0,0,0,0,0,0,0,0,0,0,0,0,,,16260,4512,,,,,,,17476,3540,,,23338,5306,,,19636.5,9509.5,,,,,18563,5227,,,14340.5,3799,14018.5,4684,14015.75,5224.5,,,,,Standard-to-Continental,Low-to-High-Vis,2015,0,0,20407,4423,18563,5227
5566,13455941.00,12/12/2008,1/1/3000,17151,Avenue Rd / Lytton Blvd,MNRSL,Minor-Single Level,1,501300,Minor,0,0,None,0,None,8,200000,-1,7264,0,0,0,0,0,0,0,0,0,0,0,0,0,0,0,0,0,0,,,22097,50,,,18876,201,,,,,,,,,,,,,17047,208,19844,128,,,,,,,,,15121,435,,,,,Standard-to-Continental,Low-to-High-Vis,2013,0,0,18876,201,18445.5,168
6481,13458957.00,12/12/2008,1/1/3000,31637,Oriole Pkwy / Kilbarry Rd,MNRSL,Minor-Single Level,1,501300,Minor,0,0,None,0,None,8,200000,-1,8715,0,0,0,0,0,0,0,0,0,0,0,0,0,0,0,0,0,0,,,17431,480,16494,308,,,,,,,13391,328,,,,,,,18424,467,,,,,,,,,,,,,,,,,Standard-to-Ladder,Low-to-High-Vis,2013,0,0,13391,328,18424,467
52161,13464438.00,10/19/2023,1/1/3000,27519,Keele St / Dundas St W,MJRSL,Major-Single Level,1,501200,Major,0,0,None,0,None,8,365208,-1,111498,0,0,0,1,0,0,0,0,0,0,0,0,0,0,0,0,0,0,,,,,22559,1830,,,,,,,18398.66667,2190.666667,,,,,18480,4698,20003.5,4563.5,,,,,,,15928,3188.25,17434.2,3418.8,17851.5,4482.166667,17386,5178,,,Standard-to-Continental,Low-to-High-Vis,2010,1,0,22559,1830,18398.66667,2190.666667
53622,13466455.00,1/23/2024,1/1/3000,12089,Adelaide St E / Jarvis St / St. James Park Trl,MJRSL,Major-Single Level,1,501200,Major,0,0,None,0,None,8,367912,-1,113131,0,0,0,0,0,0,0,1,0,0,0,0,0,0,0,0,0,0,,,,,17526,1991,,,,,,,18314,5679,,,,,,,16953,7083,,,14933.1,6358.8,17003,7645,,,,,13435,4262.5,,,,,Solid-to-Continental,Low-to-High-Vis,2010,0,1,17526,1991,18314,5679
53812,13467247.00,2/12/2024,1/1/3000,24092,Bloor St W / South Kingsway,MNRML,Minor-Multi Level,1,501300,Minor,0,0,None,0,None,8,368509,-1,113386,0,0,0,0,0,0,0,0,0,0,0,0,1,0,0,0,0,0,22049,798,,,,,,,,,15041,814,15516,1004,18510,1034,18423,1630,,,,,18128,1640,,,15939,1209,,,,,17939,1541,,,,,Standard-to-Continental,Low-to-High-Vis,2014,0,1,16355.66667,950.6666667,18128,1640
53813,13467247.00,2/12/2024,1/1/3000,89695,Bloor St W / South Kingsway,MNRML,Minor-Multi Level,1,509100,Cul de sac,9,0,None,0,None,8,368509,-1,113387,0,0,0,0,0,0,0,0,0,0,0,0,1,0,0,0,0,0,22049,798,,,,,,,,,15041,814,15516,1004,18510,1034,18423,1630,,,,,18128,1640,,,15939,1209,,,,,17939,1541,,,,,Standard-to-Continental,Low-to-High-Vis,2014,0,1,16355.66667,950.6666667,18128,1640
13773,13463285.00,12/12/2008,1/1/3000,21220,Bloor St E / Church St,MJRSL,Major-Single Level,1,501200,Major,0,0,None,0,None,8,200000,-1,19449,1,0,0,0,0,0,0,0,0,0,0,0,0,0,0,0,0,0,,,,,,,19266,22634,,,,,17935,26556,,,,,18761,32263,,,17484,10107.5,17744.5,25701.5,,,13475.25,6613.5,13491.66667,6828.5,,,12361,16223,,,Standard-to-Continental,Low-to-High-Vis,2010,1,0,19266,22634,17935,26556
55084,13462285.00,5/3/2024,1/1/3000,26367,Dufferin St / St Clair Ave W,MJRSL,Major-Single Level,1,501200,Major,0,0,None,0,None,8,371338,-1,114775,0,0,0,0,1,0,0,1,1,0,0,0,0,1,0,1,0,0,,,,,,,16523,9618,,,,,,,16410,7040,14194,7609,,,17618,11935,,,17543,8275,,,,,16327,5905,14757.4,8365,,,,,Standard-to-Ladder,Low-to-High-Vis,2015,2,1,15302,7324.5,17580.5,10105
11743,13460034.00,12/12/2008,1/1/3000,31718,Danforth Ave / Main St,MNRSL,Minor-Single Level,1,501300,Minor,0,0,None,0,None,8,200000,-1,16271,0,0,0,0,1,0,0,0,0,0,0,0,0,0,0,1,0,0,,,,,,,18988,8113,,,,,,,,,17565,4058,16796,6565.5,,,,,,,,,12762.8,4406.2,12848,4623.5,11928.5,4963.5,12574,6370,,,Standard-to-Ladder,Low-to-High-Vis,2010,0,0,18988,8113,17565,4058
54039,13464212.00,2/29/2024,1/1/3000,13697,Wellesley St E / Church St,MNRSL,Minor-Single Level,1,501300,Minor,0,0,None,0,None,8,369193,-1,113637,1,0,0,0,0,0,0,0,0,0,0,1,0,0,0,0,0,0,,,14153,6942,,,,,,,17324,20851,,,,,,,,,,,11718,12520,,,,,8099.5,6875,9012.5,6574,8388.25,8140,,,,,Solid-to-Continental,Low-to-High-Vis,2010,1,0,14153,6942,17324,20851
13114,13463494.00,12/12/2008,1/1/3000,28776,Woodbine Ave / Queen St E,MNRSL,Minor-Single Level,1,501300,Minor,0,0,None,0,None,8,200000,-1,18349,0,0,0,0,0,0,0,0,0,0,0,0,0,0,0,0,0,0,,,,,,,,,18330,2120,,,,,,,16444,2962,19187.5,4428.5,,,,,,,17166,2964,,,,,13629.66667,3669,,,,,Standard-to-Continental,Low-to-High-Vis,2015,0,0,16444,2962,17166,2964
53807,13466407.00,2/9/2024,1/1/3000,26443,Bathurst St / Dundas St W,MJRSL,Major-Single Level,1,501200,Major,0,0,None,0,None,8,368493,-1,113379,0,0,0,0,0,1,0,0,0,0,0,0,1,1,0,0,0,0,,,,,,,17725,8412,,,,,,,,,19087,5217,15071,10194,,,,,,,,,,,,,12727.5,6411.5,,,,,Standard-to-Ladder,Low-to-High-Vis,2013,1,0,17725,8412,17079,7705.5
53154,13464373.00,12/6/2023,1/1/3000,8969,Bathurst St / Bloor St W,MJRSL,Major-Single Level,1,501200,Major,0,0,None,0,None,8,366871,-1,112562,1,0,1,0,0,0,0,0,0,0,0,0,0,0,0,1,0,0,,,,,21986,11309,,,,,,,16658,4307,17442,13482,,,15628,20464,,,,,16728,12167,15194,9420,,,,,12950.5,8249.5,,,,,Standard-to-Ladder,Low-to-High-Vis,2010,2,0,21986,11309,17050,8894.5
6257,13458104.00,12/12/2008,1/1/3000,31636,Mount Pleasant Rd / Davisville Ave,MNRSL,Minor-Single Level,1,501300,Minor,0,0,None,0,None,8,200000,-1,8360,0,0,0,0,0,0,0,0,0,0,1,0,0,0,0,1,0,1,,,,,19510,2435,,,,,,,,,22144,2205,,,,,,,17178.5,2081,,,,,,,16024.2,2330.2,17186,2803.272727,,,,,Standard-to-Continental,Low-to-High-Vis,2019,1,2,17178.5,2081,16605.1,2566.736364
10418,13467077.00,12/12/2008,1/1/3000,2963,Jane St / Bloor St W,MJRSL,Major-Single Level,1,501200,Major,0,0,None,0,None,8,200000,-1,14238,0,0,0,0,0,0,0,0,0,0,0,0,0,0,0,0,0,0,,,,,17507,3058,18066,3482,,,,,16594,2516,,,,,,,,,16916,3485,15623,2661,,,,,,,16373,4220,,,12940,3082,Solid-to-Continental,Low-to-High-Vis,2011,0,0,17786.5,3270,16594,2516
11315,13462718.00,12/12/2008,1/1/3000,16606,Davenport Rd / Belmont St / New St,MNRSL,Minor-Single Level,1,501300,Minor,0,0,None,0,None,8,200000,-1,15523,0,1,0,0,0,0,0,0,0,0,0,0,0,0,0,1,0,0,,,,,16745,1571,,,18297,1141,15660,841,,,,,,,,,,,15071,1209,14882,972,,,16388,1303,,,,,,,,,Standard-to-Continental,Low-to-High-Vis,2018,0,1,15071,1209,16388,1303
13873,13464674.00,12/12/2008,1/1/3000,23994,Spadina Ave / Harbord St,MNRSL,Minor-Single Level,1,501300,Minor,0,0,None,0,None,8,200000,-1,19611,0,0,1,0,0,0,0,1,0,0,0,0,0,0,0,0,0,0,,,19316,8445,,,,,,,,,16359,7679,,,,,,,,,,,,,,,,,,,10455.75,3682.25,,,,,Standard-to-Ladder,Low-to-High-Vis,2010,1,1,19316,8445,16359,7679
4369,13464191.00,12/12/2008,1/1/3000,14410,Dupont St / Lansdowne Ave,MNRSL,Minor-Single Level,1,501300,Minor,0,0,None,0,None,8,200000,-1,5238,0,0,0,0,1,0,0,0,0,0,0,0,0,0,0,0,0,0,,,,,14037,734,,,,,16358,1413,,,,,,,,,18731.5,2073,,,,,,,,,17323,3361,16615.33333,3977.5,16434,4388.5,,,Standard-to-Continental,Low-to-High-Vis,2010,0,0,14037,734,16358,1413
11418,13464427.00,12/12/2008,1/1/3000,33249,Bay St / Wellesley St W,MNRSL,Minor-Single Level,1,501300,Minor,0,0,None,0,None,8,200000,-1,15711,0,0,0,1,0,0,0,1,0,0,0,0,0,0,0,0,0,0,,,,,17013,15665,,,,,,,16320,8328,,,,,,,15988,18418,,,,,11890,4589,10254.25,5003.75,11795,6074,,,12473,10235,,,Standard-to-Continental,Low-to-High-Vis,2010,1,1,17013,15665,16320,8328
13140,13465140.00,12/12/2008,1/1/3000,25886,Gerrard St E / Church St,MNRSL,Minor-Single Level,1,501300,Minor,0,0,None,0,None,8,200000,-1,18389,0,0,0,0,0,0,0,0,0,0,0,0,0,0,0,0,0,0,,,,,17252,5880,,,,,,,16200,14490,,,,,,,12895,15840,,,,,12187,14821,,,,,,,12065,8702,,,Standard-to-Continental,Low-to-High-Vis,2010,0,0,17252,5880,16200,14490
10671,13461421.00,12/12/2008,1/1/3000,33496,Woodbine Ave / Gerrard St E,MNRSL,Minor-Single Level,1,501300,Minor,0,0,None,0,None,8,200000,-1,14611,0,1,0,0,0,0,0,0,0,0,0,0,0,0,0,0,0,1,,,,,,,14468,1148,,,,,16092,1435,,,,,17370.5,1553,,,16437,1499,,,,,,,,,12387.5,1277.5,,,,,Standard-to-Continental,Low-to-High-Vis,2010,1,0,14468,1148,16092,1435
54612,13467505.00,4/3/2024,1/1/3000,34667,Spadina Ave / King St W,MJRSL,Major-Single Level,1,501200,Major,0,0,None,0,None,8,370389,-1,114273,0,0,0,0,0,1,0,0,0,0,0,0,0,0,0,0,0,0,,,21648,10934,,,,,,,20351,18848,,,,,14538,23950,17542.33333,19622.33333,15895.8,23063.6,,,,,12081.83333,19330.5,,,,,10130,13008.75,,,,,Solid-to-Continental,Low-to-High-Vis,2013,1,0,20351,18848,15992.04444,22211.97778
53323,13462552.00,12/14/2023,1/1/3000,8959,Davenport Rd / Dupont St,MNRSL,Minor-Single Level,1,501300,Minor,0,0,None,0,None,8,367067,-1,112779,0,0,0,0,0,0,0,0,0,0,0,0,0,0,0,0,0,0,,,,,19411,2061,,,,,,,16525,946,,,,,,,17549.5,1651,,,16426,2651,,,,,,,14076.5,1675.5,17470,2444,,,Always Ladder,High-Vis Unchanging,,0,0,19411,2061,15773.25,2059.75
48689,13461728.00,3/28/2022,1/1/3000,11438,Kingston Rd / Southwood Dr / Main St,MNRSL,Minor-Single Level,1,501300,Minor,0,0,None,0,None,8,344030,-1,106322,0,0,0,1,0,0,0,0,0,0,0,0,1,0,0,0,0,0,,,,,,,15622,1457,,,,,,,,,,,15107,2296,15274,2115,16220,1640,,,,,,,,,,,,,,,Standard-to-Continental,Low-to-High-Vis,2013,1,0,15622,1457,15533.66667,2017
3433,13464716.00,12/12/2008,1/1/3000,25241,Keele St / Annette St,MNRSL,Minor-Single Level,1,501300,Minor,0,0,None,0,None,8,200000,-1,3932,0,0,0,0,0,0,0,0,0,0,0,1,0,0,0,0,0,0,,,,,18461,1125,,,,,14876,530,,,,,,,16390,933,,,,,,,,,14934.4,848.8,15793,901.4,,,,,,,Always Continental,High-Vis Unchanging,,0,0,18461,1125,15363.7,875.1
51101,13463080.00,7/10/2023,1/1/3000,9693,St Clair Ave W / Old Weston Rd,MNRSL,Minor-Single Level,1,501300,Minor,0,0,None,0,None,8,361873,-1,110229,0,0,0,1,0,0,0,0,0,0,0,0,1,1,2,0,0,0,,,,,16528,1592,,,,,14335,2153,16310.66667,2300.333333,,,,,16104,2020,,,,,16239,2956,,,,,,,,,16177,2040,,,Standard-to-Continental,Low-to-High-Vis,2010,1,0,16528,1592,15322.83334,2226.666667
51339,13464908.00,8/15/2023,1/1/3000,19347,Bloor St W / Ossington Ave,MNRSL,Minor-Single Level,1,501300,Minor,0,0,None,0,None,8,363011,-1,110571,1,1,0,0,0,0,0,0,0,0,0,0,0,0,0,0,0,0,,,,,,,17887,5504,,,,,15089,4668,,,,,,,,,,,14784,8063,13538,8290,11094.5,4962,12282,5687.6,,,,,,,Solid-to-Continental,Low-to-High-Vis,2010,2,0,17887,5504,15089,4668
5689,13464031.00,12/12/2008,1/1/3000,31570,Keele St / Junction Rd,MNRSL,Minor-Single Level,1,501300,Minor,0,0,None,0,None,8,200000,-1,7480,0,0,0,0,0,0,0,0,0,0,0,0,0,0,0,0,0,0,,,,,13841,208,,,,,,,14176.25,357.75,,,,,15006,333,,,,,,,,,,,,,14845,557,,,,,Always Standard,Low-Vis Unchanging,,0,0,13841,208,14845,557
54054,13463548.00,3/1/2024,1/1/3000,373,Bay St / Bloor St W,MJRSL,Major-Single Level,1,501200,Major,0,0,None,0,None,8,369235,-1,113654,0,0,0,0,0,0,0,0,0,0,0,0,0,0,0,0,0,1,,,,,,,19389,24246,,,14744.5,33468,,,,,,,,,19462,36608,17026,24434.5,18381,29629,,,12999,14909.5,13872.5,14647,,,13662,26837,,,Solid-to-Continental,Low-to-High-Vis,2010,0,0,19389,24246,14744.5,33468
53824,13465757.00,2/12/2024,1/1/3000,17774,College St / Bathurst St,MJRSL,Major-Single Level,1,501200,Major,0,0,None,0,None,8,368529,-1,113399,0,0,0,0,1,1,0,1,0,0,0,0,0,1,0,0,0,0,,,20224,6149,,,,,,,19533,7209,,,,,,,14728.5,8117.5,,,,,,,,,,,,,13281.25,5817.75,,,,,Standard-to-Continental,Low-to-High-Vis,2011,1,1,20224,6149,14728.5,8117.5
54686,13463187.00,4/9/2024,1/1/3000,10151,Queen St E / Lee Ave,MNRSL,Minor-Single Level,1,501300,Minor,0,0,None,0,None,8,370479,-1,114350,0,0,0,0,0,0,0,0,0,0,0,0,0,0,0,0,0,0,,,13505,2697,,,,,,,14626,3476,,,,,,,,,,,,,,,8409,4943,7213,4685.666667,,,,,,,,,Standard-to-Continental,Low-to-High-Vis,2010,0,0,13505,2697,14626,3476
51411,13466894.00,8/21/2023,1/1/3000,33217,Dufferin St / Dundas St W,MNRSL,Minor-Single Level,1,501300,Minor,0,0,None,0,None,8,363235,-1,110654,0,0,0,0,0,0,0,0,0,0,2,1,0,0,0,0,0,0,11006,3209,,,,,,,13642,3260,,,,,,,,,14575,4126.5,,,,,,,,,11949,2741,12778.5,2862,13096.14286,4051.571429,,,,,Standard-to-Continental,Low-to-High-Vis,2011,0,0,13642,3260,14575,4126.5
53208,13463277.00,12/7/2023,1/1/3000,29917,Dupont St / Christie St,MNRSL,Minor-Single Level,1,501300,Minor,0,0,None,0,None,8,366907,-1,112632,0,0,0,0,0,1,0,0,0,0,0,0,0,0,1,0,0,0,21789,2349,,,,,,,19160,2834,,,,,,,,,13322,1568,14836,2610,,,16507,3119,,,,,,,13665.5,2419.5,15060.5,2877.5,,,Always Ladder,High-Vis Unchanging,,0,1,21789,2349,14363,2648.5
52932,13467983.00,11/28/2023,1/1/3000,16080,Queen St W / Dufferin St,MNRSL,Minor-Single Level,2,501300,Minor,0,0,None,0,None,8,366594,-1,112333,0,0,0,0,0,0,1,0,0,0,0,0,0,0,0,0,0,0,,,11874,1323,,,,,12612,3017,,,,,14303,3793,,,,,14369.5,5812,,,,,,,12638,4295,,,14107.8,4879,,,,,Standard-to-Continental,Low-to-High-Vis,2010,0,1,11874,1323,14303,3793
52999,13466923.00,11/29/2023,1/1/3000,26474,Dovercourt Rd / Dundas St W,MNRSL,Minor-Single Level,1,501300,Minor,0,0,None,0,None,8,366652,-1,112404,0,0,0,0,0,0,0,0,0,0,0,0,0,0,0,0,0,0,,,,,13900,3386,,,,,,,14026,3301,,,,,,,,,,,,,,,,,,,7952,3662,,,,,Standard-to-Continental,Low-to-High-Vis,2010,0,0,13900,3386,14026,3301
52352,13460295.00,10/27/2023,1/1/3000,16030,St Clair Ave E / Yonge St / St Clair Ave W,MJRSL,Major-Single Level,1,501200,Major,0,0,None,0,None,8,365585,-1,111710,0,0,0,0,0,0,0,0,0,0,0,0,0,1,0,0,0,0,,,22252,24195,,,,,,,,,24587,20918.5,,,20023,10303,,,,,,,17499,16910,,,,,13119.66667,8736.444444,13546.5,13856.33333,15311,18943,14902,18246,Always Ladder,High-Vis Unchanging,,0,0,22252,24195,13992.38889,13845.25926
54627,13466793.00,4/4/2024,1/1/3000,16099,Jarvis St / Lower Jarvis St / Front St E,MNRSL,Minor-Single Level,1,501300,Minor,0,0,None,0,None,8,370398,-1,114288,0,0,0,0,0,0,0,0,0,0,0,0,0,0,0,0,0,0,,,20410,8260,,,,,,,18428,17008,,,,,,,,,,,15006,13535,,,,,13834,11113.5,14306,8404,13791.4,8337.8,,,,,Always Solid,Low-Vis Unchanging,,0,0,20410,8260,13977.13333,9285.1
5183,13465489.00,12/12/2008,1/1/3000,343,Spadina Ave / College St,MJRSL,Major-Single Level,1,501200,Major,0,0,None,0,None,8,200000,-1,6645,0,0,0,0,0,0,0,0,0,1,0,0,0,1,0,0,0,0,19830,12208,,,,,,,17089,9936,,,,,14814,14869,15119,13446,,,,,13828,10810,,,,,,,,,12506.75,13607.5,,,,,Solid-to-Continental,Low-to-High-Vis,2015,0,1,14966.5,14157.5,13828,10810
18445,13454075.00,12/12/2008,1/1/3000,16898,Lawrence Ave E / Mount Pleasant Rd,MNRSL,Minor-Single Level,1,501300,Minor,0,0,None,0,None,8,200000,-1,25307,0,0,0,0,1,0,0,0,0,0,0,0,0,0,0,0,0,0,,,17760,114,,,20892,783,,,,,,,21279,200,,,,,,,13753.5,202.5,,,,,10261.5,154.5,,,10253,217,,,,,Standard-to-Continental,Low-to-High-Vis,2013,1,0,20892,783,13753.5,202.5
12951,13462712.00,12/12/2008,1/1/3000,33153,Mount Pleasant Rd / Elm Ave,MNRSL,Minor-Single Level,1,501300,Minor,0,0,None,0,None,8,200000,-1,18099,0,0,0,0,0,0,0,0,0,0,0,0,0,1,0,0,0,0,,,19191,378,,,,,,,16452,661,,,14575,805,,,,,15270,1057,,,,,,,,,,,13742,2736,,,,,Standard-to-Ladder,Low-to-High-Vis,2019,0,0,15270,1057,13742,2736
25863,13467569.00,12/12/2008,1/1/3000,7154,Bathurst St / Adelaide St W,MJRSL,Major-Single Level,1,501200,Major,0,0,None,0,None,8,200000,-1,34853,0,0,0,0,0,1,1,0,0,0,0,0,0,0,0,0,0,0,,,,,,,14618,1097,,,,,,,,,17243,2168,11794,1573,12089.6,2774.4,,,,,12747,2192,,,9346,2030,,,,,,,Standard-to-Continental,Low-to-High-Vis,2013,2,0,14618,1097,13708.86667,2171.8
54027,13464342.00,2/29/2024,1/1/3000,3051,Yonge St / Wellesley St E / Wellesley St W,MNRSL,Minor-Single Level,1,501300,Minor,0,0,None,0,None,8,369185,-1,113623,0,0,0,0,0,0,0,0,0,0,0,0,0,1,0,0,0,0,,,15310,20133,,,,,,,,,13708,16557,,,,,,,10427.5,19987,,,,,,,,,,,8470,14518.75,9434,17332,,,Standard-to-Ladder,Low-to-High-Vis,2010,0,0,15310,20133,13708,16557
53625,13466630.00,1/23/2024,1/1/3000,17303,King St E / Jarvis St,MJRSL,Major-Single Level,1,501200,Major,0,0,None,0,None,8,367912,-1,113135,0,0,0,0,0,0,0,0,0,0,0,0,0,0,0,0,0,0,,,17713,7758,,,,,,,17095,37719,,,,,,,,,13692.33333,14050.5,,,,,10315.16667,11460.16667,7217,9682,7957,5397,8152.333333,5913.333333,,,,,Standard-to-Ladder,Low-to-High-Vis,2013,0,0,17095,37719,13692.33333,14050.5
22947,13465575.00,12/12/2008,1/1/3000,6668,Eastern Ave / Eastern Ave Diversion / Broadview Ave,MNRSL,Minor-Single Level,1,501300,Minor,0,0,None,0,None,8,200000,-1,30673,0,0,0,0,0,0,0,0,0,0,0,0,0,0,0,0,0,0,,,,,11910,32,,,,,12084,122,,,,,,,,,12851,226,,,,,,,13917,155,,,13940,213,13181,156,,,Always Standard,Low-Vis Unchanging,,0,0,11910,32,13679.33333,174.6666667
51799,13458486.00,9/12/2023,1/1/3000,31048,Oriole Pkwy / Chaplin Cres,MNRSL,Minor-Single Level,1,501300,Minor,0,0,None,0,None,8,364007,-1,111111,0,0,0,0,0,0,0,0,0,0,0,0,0,0,0,0,0,0,,,17812,1108,,,,,,,,,13740,655,,,,,,,13660.5,678.5,,,,,,,,,11391.66667,563.7777778,11923,590.75,,,,,Solid-to-Continental,Low-to-High-Vis,2013,0,0,13740,655,13660.5,678.5
54014,13464278.00,2/28/2024,1/1/3000,17779,Jarvis St / Maitland Pl / Maitland St,MNRSL,Minor-Single Level,1,501300,Minor,0,0,None,0,None,8,369146,-1,113609,0,0,0,0,0,0,1,0,0,0,0,0,0,0,0,0,0,0,14712,2785,,,,,16038,2641,14004,2754,13651,3992,,,,,,,,,13681,3347,,,,,,,,,,,10138.5,2385,,,,,Standard-to-Continental,Low-to-High-Vis,2010,0,1,15375,2713,13651,3992
48394,13462968.00,12/15/2021,1/1/3000,5101,Davenport Rd / Bay St,MJRSL,Major-Single Level,1,501200,Major,0,0,None,0,None,8,338450,-1,105867,0,0,1,0,0,0,0,0,0,0,0,0,0,0,0,0,0,0,,,,,14051,1114,,,,,13901,1031,,,,,13322,2309,,,15035,1507,,,12159,1018,,,,,,,,,11628,1378,,,Standard-to-Continental,Low-to-High-Vis,2014,0,0,13901,1031,13597,1262.5
4941,13462390.00,12/12/2008,1/1/3000,5114,Walmer Rd / Davenport Rd / Kendal Ave,MNRSL,Minor-Single Level,1,501300,Minor,0,0,None,0,None,8,200000,-1,6317,0,0,0,0,0,0,0,0,0,0,0,0,0,0,0,0,0,0,,,,,17422,1630,,,,,,,18598,1078,,,,,,,,,,,13536.5,979.5,,,,,,,,,,,,,Standard-to-Ladder,Low-to-High-Vis,2015,0,0,18598,1078,13536.5,979.5
13965,13466425.00,12/12/2008,1/1/3000,19364,College St / Dufferin St,MNRSL,Minor-Single Level,1,501300,Minor,0,0,None,0,None,8,200000,-1,19812,0,0,0,0,0,0,0,1,0,0,0,0,0,0,0,0,0,0,15702,2776,,,13219,2487.5,,,,,,,14233,4949,,,,,14221,3738,14375,5131,,,,,15058,3748,12966.5,2565,12881.5,2437.5,13133,3434.142857,,,,,Standard-to-Ladder,Low-to-High-Vis,2018,0,0,14298,4434.5,13509.75,3046.160714
5385,13457927.00,12/12/2008,1/1/3000,11324,Eglinton Ave W / Vesta Dr,MNRSL,Minor-Single Level,1,501300,Minor,0,0,None,0,None,8,200000,-1,6943,0,0,0,0,0,0,0,0,0,0,0,0,0,0,0,0,0,0,20582,1288,16580,806,,,,,,,13497,1220,,,,,,,,,,,,,,,,,,,,,,,,,,,Standard-to-Ladder,Low-to-High-Vis,2010,0,0,18581,1047,13497,1220
29395,13464728.00,12/12/2008,1/1/3000,9959,Bay St / Grosvenor St,MNRSL,Minor-Single Level,1,501300,Minor,0,0,None,0,None,8,200000,-1,39533,0,0,0,0,0,0,0,0,0,0,0,0,1,0,0,0,0,0,12989,5471,,,10312,8055,,,11397,6448,,,,,,,,,,,,,,,13424,10488,,,,,,,,,,,,,Standard-to-Continental,Low-to-High-Vis,2014,0,1,11397,6448,13424,10488
13658,13468571.00,12/12/2008,1/1/3000,28601,King St W / Jameson Ave,MNRSL,Minor-Single Level,1,501300,Minor,0,0,None,0,None,8,200000,-1,19224,0,1,0,0,0,0,0,0,0,0,0,1,0,1,0,0,0,2,,,14435,5658,,,,,,,9129,3958,,,13404,4317,,,,,,,,,11594,5191,,,,,,,10150,4157,,,,,Standard-to-Continental,Low-to-High-Vis,2012,0,0,9129,3958,13404,4317
24993,13463350.00,12/12/2008,1/1/3000,27526,Davenport Rd / Lansdowne Ave,MNRSL,Minor-Single Level,1,501300,Minor,0,0,None,0,None,8,200000,-1,33587,0,0,0,0,0,0,0,0,0,0,0,0,0,0,0,0,1,0,,,14781,818,,,,,,,12430,1151,,,,,,,,,,,,,15411,893.3333333,,,,,13400.5,1084.5,,,,,13296,1120.5,Always Ladder,High-Vis Unchanging,,0,1,14781,818,13400.5,1084.5
12072,13461342.00,12/12/2008,1/1/3000,704,Kingston Rd / Victoria Park Ave,MNRSL,Minor-Single Level,1,501300,Minor,0,0,None,0,None,8,200000,-1,16749,0,0,0,0,0,0,0,0,0,0,0,0,0,0,0,0,0,0,,,,,,,19028,3700,,,,,,,8242,1980,,,,,12241,2477.5,14537,2506,,,,,18961,3196,,,,,,,,,Standard-to-Continental,Low-to-High-Vis,2013,0,0,19028,3700,13389,2491.75
54291,13465276.00,3/18/2024,1/1/3000,26554,Eastern Ave / Carlaw Ave,MNRSL,Minor-Single Level,1,501300,Minor,0,0,None,0,None,8,369854,-1,113943,1,0,0,0,0,0,0,0,0,0,0,0,0,0,0,0,0,0,,,,,15240,332,,,,,15368,854,,,15063,1031,,,,,14578.66667,602.3333333,,,,,,,,,13936,743,12710.5,552.5,,,,,Always Standard,Low-Vis Unchanging,,1,0,15240,332,13323.25,647.75
52748,13463441.00,11/21/2023,1/1/3000,35771,Caledonia Park Rd / Davenport Rd / Earlscourt Park Trl,MNRSL,Minor-Single Level,1,501300,Minor,0,0,None,0,None,8,366382,-1,112140,0,0,0,0,0,0,0,0,0,0,0,0,0,0,0,0,0,0,,,11752,243,,,,,,,13172,159,,,,,,,,,,,,,14312,165,,,,,13317,295,,,,,,,Always Ladder,High-Vis Unchanging,,0,0,11752,243,13317,295
54964,13467372.00,4/25/2024,1/1/3000,21251,Bathurst St / Richmond St W,MJRSL,Major-Single Level,1,501200,Major,0,0,None,0,None,8,371099,-1,114645,0,0,0,0,0,0,0,0,0,1,0,0,1,0,0,0,0,0,,,,,13715,1041,,,,,,,13079,3626,,,,,11328,3918,,,,,,,,,,,,,9124,3335,,,,,Standard-to-Continental,Low-to-High-Vis,2010,0,0,13715,1041,13079,3626
9037,13460978.00,12/12/2008,1/1/3000,16720,Danforth Ave / Coxwell Ave,MNRSL,Minor-Single Level,1,501300,Minor,0,0,None,0,None,8,200000,-1,12354,0,0,1,0,0,1,0,0,0,0,0,0,0,0,0,0,0,0,,,,,,,17894,3152,,,,,,,,,,,18270.33333,6080,,,,,,,,,12975.5,3038.25,12560.5,3449.75,12718.16667,4737,,,,,Standard-to-Continental,Low-to-High-Vis,2016,0,0,18270.33333,6080,12975.5,3038.25
12275,13468182.00,12/12/2008,1/1/3000,35889,Parkside Dr / Spring Rd,MNRSL,Minor-Single Level,1,501300,Minor,0,0,None,0,None,8,200000,-1,17084,0,0,0,0,0,0,0,0,0,0,1,0,0,0,0,0,0,0,,,,,,,,,13126,110,,,,,,,,,,,12909,237,,,,,,,,,,,13098,234,,,,,Standard-to-Continental,Low-to-High-Vis,2014,0,1,13126,110,12909,237
11451,13467123.00,12/12/2008,1/1/3000,27607,University Ave / King St W,MJRSL,Major-Single Level,1,501200,Major,0,0,None,0,None,8,200000,-1,15765,0,0,0,0,0,0,0,0,0,0,1,0,0,0,0,0,0,0,,,,,,,17339,9515,,,18399,13549,,,,,18980,29149,18154,17350.66667,17652.4,24731.6,,,,,12848.83333,17070.16667,,,,,,,,,,,Solid-to-Continental,Low-to-High-Vis,2018,1,0,18262.13333,23743.75556,12848.83333,17070.16667
23573,13460822.00,12/12/2008,1/1/3000,16704,Gerrard St E / Main St,MNRSL,Minor-Single Level,1,501300,Minor,0,0,None,0,None,8,200000,-1,31522,0,0,0,0,0,0,0,0,0,0,0,0,0,0,1,0,0,0,,,,,,,14794,1345,,,,,,,,,13819,1627,,,,,,,,,,,11664,1217,13838.33333,1432.666667,,,,,,,Always Ladder,High-Vis Unchanging,,0,1,14794,1345,12751.16667,1324.833334
52089,13466332.00,10/16/2023,1/1/3000,2966,Bloor St W / High Park Ave / Colborne Lodge Dr,MNRSL,Minor-Single Level,1,501300,Minor,0,0,None,0,None,8,365062,-1,111419,0,0,0,0,0,0,0,0,0,0,0,0,0,0,0,0,0,0,,,,,13708,2265,,,,,,,18434,1773,,,,,,,,,12718,1996,,,,,10146.5,3108.25,10755,3262,,,9337,3406,,,Standard-to-Continental,Low-to-High-Vis,2013,0,0,18434,1773,12718,1996
30094,13464719.00,12/12/2008,1/1/3000,24290,Carlton St / Jarvis St,MJRSL,Major-Single Level,1,501200,Major,0,0,None,0,None,8,200000,-1,40464,0,0,1,0,0,0,0,0,0,0,0,0,0,0,0,0,1,0,,,,,17483,0,,,23894,5510,20125,4189,,,,,,,,,18588,7606,16071.5,6760,,,,,,,,,12710,5641,,,,,Solid-to-Ladder,Low-to-High-Vis,2018,0,1,17329.75,7183,12710,5641
38688,13461657.00,9/9/2015,1/1/3000,19661,Danforth Ave / Jones Ave,MNRSL,Minor-Single Level,1,501300,Minor,0,0,None,0,None,8,243460,-1,84584,0,0,0,0,0,0,0,0,0,0,0,0,0,1,0,0,0,0,,,,,,,12708,3103,,,,,,,,,,,12634,2832,,,,,,,,,10212.75,1526.5,9903.5,2075.5,10085,1817,10702,2126,,,Standard-to-Continental,Low-to-High-Vis,2013,0,0,12708,3103,12634,2832
53076,13466116.00,12/1/2023,1/1/3000,35247,College St / Ossington Ave,MNRSL,Minor-Single Level,1,501300,Minor,0,0,None,0,None,8,366717,-1,112484,0,0,1,0,0,0,0,0,0,0,0,0,1,0,0,0,0,0,,,13765,3500,12441,4794,,,,,,,,,12603,5510,,,,,,,12077,4867,,,,,,,,,10383.25,4136.25,,,,,Standard-to-Ladder,Low-to-High-Vis,2010,1,0,13103,4147,12603,5510
53196,13462937.00,12/7/2023,1/1/3000,16627,Dupont St / Howland Ave,MNRSL,Minor-Single Level,1,501300,Minor,0,0,None,0,None,8,366898,-1,112611,0,0,0,0,0,0,0,0,0,0,0,0,0,0,0,0,0,0,,,,,11786,1470,,,,,,,11472,911,,,11725,1545,,,,,,,12514,1379,,,,,,,9805,1399.5,10850,1799.5,,,Standard-to-Continental,Low-to-High-Vis,2015,0,0,11598.5,1228,12514,1379
24977,13463362.00,12/12/2008,1/1/3000,4844,St Clair Ave W / Old Stock Yards Rd / Gunns Rd,MNRSL,Minor-Single Level,1,501300,Minor,0,0,None,0,None,8,200000,-1,33558,0,0,0,0,0,0,0,0,0,0,0,0,0,0,0,0,0,0,,,,,11455,898,,,,,,,12460,514,,,,,13382,974,,,,,,,,,,,,,,,,,,,Standard-to-Continental,Low-to-High-Vis,2010,0,0,11455,898,12460,514
11309,13463015.00,12/12/2008,1/1/3000,3624,Davenport Rd / Yonge St / Church St,MJRSL,Major-Single Level,1,501200,Major,0,0,None,0,None,8,200000,-1,15497,0,1,0,0,0,0,0,0,0,0,0,0,0,0,0,0,0,0,,,,,,,17337,6838,18979,8441,18406,9898,,,,,,,,,16149,8935.5,,,17741,11767,,,,,12507.33333,4074.333333,12255,6881.1,12597.5,8738,,,Always Ladder,High-Vis Unchanging,,1,0,17337,6838,12453.27778,6564.477778
12486,13464913.00,12/12/2008,1/1/3000,14688,College St / Yonge St / Carlton St,MJRSL,Major-Single Level,1,501200,Major,0,0,None,0,None,8,200000,-1,17340,0,0,1,0,0,0,1,0,0,0,0,0,0,0,0,0,1,0,18116,30233,,,,,17750,29115,,,,,,,,,12391,30579.5,,,,,,,,,,,,,,,9018.5,21153.25,10660,35405,,,Standard-to-Continental,Low-to-High-Vis,2011,1,1,17750,29115,12391,30579.5
51681,13464361.00,9/1/2023,1/1/3000,25239,Dupont St / Symington Ave,MNRSL,Minor-Single Level,1,501300,Minor,0,0,None,0,None,8,363755,-1,110963,0,0,0,0,0,0,0,0,0,0,0,0,0,0,0,0,0,0,,,,,,,13133,1207,,,12386,1223,,,,,,,13192,1529,13156,1581,,,,,,,12863,2136,,,12298.5,1623.5,13107,1896.5,,,Standard-to-Continental,Low-to-High-Vis,2010,0,0,13133,1207,12386,1223
9950,13462091.00,12/12/2008,1/1/3000,24212,Kingston Rd / Brookside Dr,MNRSL,Minor-Single Level,1,501300,Minor,0,0,None,0,None,8,200000,-1,13572,0,0,0,0,0,0,0,0,0,0,0,0,0,0,0,0,0,0,15023,610,,,,,,,12041,565,,,,,,,,,12334,778,,,,,,,,,,,,,,,,,,,Standard-to-Continental,Low-to-High-Vis,2014,0,0,12041,565,12334,778
53554,13456999.00,1/8/2024,1/1/3000,26592,Bayview Ave / Manor Rd E / Fleming Cres,MNRSL,Minor-Single Level,1,501300,Minor,0,0,None,0,None,8,367504,-1,113048,0,0,0,0,0,0,0,0,0,0,0,0,0,0,0,0,0,0,,,,,,,,,15664,1593,,,,,,,,,,,12241,2011,,,,,,,,,,,,,,,,,Standard-to-Continental,Low-to-High-Vis,2013,0,0,15664,1593,12241,2011
53660,13466516.00,1/24/2024,1/1/3000,10240,Adelaide St E / Church St,MNRSL,Minor-Single Level,1,501300,Minor,0,0,None,0,None,8,367935,-1,113188,0,1,0,0,0,0,0,0,0,0,0,1,0,0,0,0,0,0,,,,,15332,4439,,,,,12233,5765,,,,,,,,,13138,9692,,,,,12465,8992,,,,,,,,,,,Solid-to-Continental,Low-to-High-Vis,2010,1,0,15332,4439,12233,5765
53153,13464094.00,12/6/2023,1/1/3000,28479,Spadina Ave / Bloor St W / Spadina Rd,MJRSL,Major-Single Level,1,501200,Major,0,0,None,0,None,8,366868,-1,112561,0,0,0,0,1,0,0,0,1,0,0,0,0,0,0,0,0,0,,,,,,,19518,13478,,,,,20603,12126,15474,12975,,,,,,,15835,16316,15556,16470,14596,11571,,,,,12219.5,7229,,,,,Always Solid,Low-Vis Unchanging,,0,0,19518,13478,12219.5,7229
5910,13456361.00,12/12/2008,1/1/3000,26403,Mount Pleasant Rd / Broadway Ave,MNRSL,Minor-Single Level,1,501300,Minor,0,0,None,0,None,8,200000,-1,7812,0,0,0,0,0,0,0,0,0,0,0,0,0,0,0,0,0,0,,,,,,,20564,3167,,,,,,,,,,,,,,,13772.5,1394.5,,,,,,,12195.5,2275.5,,,,,,,Always Ladder,High-Vis Unchanging,,0,0,20564,3167,12195.5,2275.5
53497,13467412.00,1/3/2024,1/1/3000,16070,King St W / Peter St / Blue Jays Way,MNRSL,Minor-Single Level,1,501300,Minor,0,0,None,0,None,8,367349,-1,112984,0,0,0,0,0,0,0,0,0,0,0,0,0,0,0,0,0,0,,,,,,,10820,4113,,,12162,8895,,,,,,,,,,,9024,18756,,,,,,,,,,,,,,,Standard-to-Continental,Low-to-High-Vis,2010,0,0,10820,4113,12162,8895
13775,13463436.00,12/12/2008,1/1/3000,22918,Bloor St E / Yonge St / Bloor St W,MJRSL,Major-Single Level,1,501200,Major,0,0,None,0,None,8,200000,-1,19451,0,0,0,0,0,0,0,0,0,0,0,0,0,0,0,0,0,0,,,,,,,15110,25696,,,12159,49624,,,,,,,,,14291,24086.5,15463,18061.5,14116.5,21864,,,,,9101.666667,11765,9223.916667,18703.33333,8879,19445,,,Standard-to-Continental,Low-to-High-Vis,2010,0,0,15110,25696,12159,49624
6948,13465512.00,12/12/2008,1/1/3000,23729,Bloor St W / Lansdowne Ave,MNRSL,Minor-Single Level,1,501300,Minor,0,0,None,0,None,8,200000,-1,9490,1,0,0,0,0,0,0,0,0,0,0,0,0,0,0,0,0,0,15578,2776,,,,,,,17767,4512.5,,,,,,,,,,,,,5801,3,,,14677,5905.5,11889.75,4735.5,12466.5,5230.333333,11961,6928.25,,,,,Always Ladder,High-Vis Unchanging,,1,0,15578,2776,12105.75,5631.361111
53959,13465545.00,2/23/2024,1/1/3000,14693,Bay St / Elm St,MNRSL,Minor-Single Level,1,501300,Minor,0,0,None,0,None,8,368889,-1,113548,0,0,0,0,0,0,0,0,0,0,0,0,0,0,0,0,0,0,,,12223,11485,,,,,,,11993,11297,,,,,,,,,11939,16952,,,,,8673,5981,,,,,,,,,,,Solid-to-Continental,Low-to-High-Vis,2014,0,0,11993,11297,11939,16952
10367,13464758.00,12/12/2008,1/1/3000,30024,Eastern Ave / Leslie St,MNRSL,Minor-Single Level,1,501300,Minor,0,0,None,0,None,8,200000,-1,14173,0,0,0,0,0,0,0,0,0,0,0,0,0,0,0,0,0,0,,,,,11294,668,,,,,,,,,12549,401,,,,,11765.5,1392.5,,,,,,,,,,,11109,1188.5,,,,,Standard-to-Continental,Low-to-High-Vis,2015,0,0,12549,401,11765.5,1392.5
53667,13466341.00,1/24/2024,1/1/3000,7874,Adelaide St E / Sherbourne St,MNRSL,Minor-Single Level,1,501300,Minor,0,0,None,0,None,8,367952,-1,113197,0,0,0,0,0,0,0,0,0,0,0,0,0,0,0,0,0,0,,,13907,3004,,,,,,,11694,3649,,,,,,,11451,5275,,,,,,,12098,4900,,,,,,,,,,,Standard-to-Continental,Low-to-High-Vis,2010,0,0,13907,3004,11694,3649
18804,13460625.00,12/12/2008,1/1/3000,27711,Danforth Ave / East Lynn Ave / Woodmount Ave / East Lynn Park Trl,MNRSL,Minor-Single Level,1,501300,Minor,0,0,None,0,None,8,200000,-1,25719,0,0,0,0,0,0,0,0,0,0,0,0,0,0,0,0,0,0,,,,,,,12314,2473,,,,,,,,,,,10452,3094,,,,,11666,2056,,,,,,,7298,2722,,,,,Standard-to-Continental,Low-to-High-Vis,2016,0,0,10452,3094,11666,2056
53464,13467080.00,12/21/2023,1/1/3000,32226,Yonge St / Wellington St E / Wellington St W,MNRSL,Minor-Single Level,1,501300,Minor,0,0,None,0,None,8,367250,-1,112937,0,1,0,0,0,0,0,1,0,0,1,0,1,0,0,0,0,0,,,,,,,17246,2916,,,,,,,,,12811,26656,,,,,,,,,,,11579,10048,,,,,9201,14476,,,Standard-to-Ladder,Low-to-High-Vis,2016,1,1,12811,26656,11579,10048
53547,13467011.00,1/5/2024,1/1/3000,16687,Lower Jarvis St / The Esplanade,MNRSL,Minor-Single Level,1,501300,Minor,0,0,None,0,None,8,367466,-1,113040,0,0,0,0,0,0,0,1,1,0,0,0,0,0,0,0,0,0,13980,2426,,,,,,,14650,2209,,,,,,,,,,,,,11553,5396,,,11424,7346,11342.5,6069,10420,4602,10472.75,5704,,,,,Standard-to-Continental,Low-to-High-Vis,2014,1,0,14650,2209,11553,5396
13938,13466826.00,12/12/2008,1/1/3000,14652,Lansdowne Ave / Dundas St W,MNRSL,Minor-Single Level,1,501300,Minor,0,0,None,0,None,8,200000,-1,19751,0,0,0,1,0,0,0,0,0,0,0,0,0,0,0,1,0,0,,,,,,,12013,2240,,,,,,,,,,,13059,2231.5,,,,,,,13582,2643,,,11467.5,2033,11636.66667,2780.166667,,,,,Standard-to-Ladder,Low-to-High-Vis,2019,0,1,13059,2231.5,11552.08334,2406.583334
18885,13465569.00,12/12/2008,1/1/3000,16162,Dundas St E / Jarvis St,MJRSL,Major-Single Level,1,501200,Major,0,0,None,0,None,8,200000,-1,25828,0,1,0,0,0,0,1,1,0,0,1,0,0,0,0,0,0,0,,,,,,,19842,5289,20794.5,4477.5,19265,5651,,,,,,,16000,6053,,,17273,5858,,,,,,,,,11492.5,7415.5,,,,,Always Ladder,High-Vis Unchanging,,1,0,19842,5289,11492.5,7415.5
12069,13461408.00,12/12/2008,1/1/3000,35941,Kingston Rd / Scarborough Rd,MNRSL,Minor-Single Level,1,501300,Minor,0,0,None,0,None,8,200000,-1,16743,0,0,0,0,0,0,0,0,0,0,0,0,0,0,0,0,0,0,,,,,,,15235,1624,,,,,,,,,,,11487,2467,,,,,,,,,,,,,,,,,,,Standard-to-Continental,Low-to-High-Vis,2013,0,0,15235,1624,11487,2467
8180,13463787.00,12/12/2008,1/1/3000,27661,Kingston Rd / Queen St E / Eastern Ave,MNRSL,Minor-Single Level,1,501300,Minor,0,0,None,0,None,8,200000,-1,11161,0,0,0,0,0,0,0,1,1,0,0,0,0,0,0,0,0,0,,,,,,,13225,1231,,,,,,,,,11485,1519,,,11364,3585,13948,2736,12836,1587,,,,,,,10356.33333,2219.166667,,,,,Standard-to-Continental,Low-to-High-Vis,2010,0,2,13225,1231,11485,1519
24594,13462329.00,12/12/2008,1/1/3000,35336,Kingston Rd / Elmer Ave,MNRSL,Minor-Single Level,1,501300,Minor,0,0,None,0,None,8,200000,-1,33081,0,0,0,0,0,0,0,0,0,0,0,0,0,0,0,0,0,0,14231,812,,,,,,,12405,343,,,,,,,,,11465,579,,,,,,,,,,,,,,,,,,,Standard-to-Continental,Low-to-High-Vis,2014,0,0,12405,343,11465,579
51743,13466509.00,9/8/2023,1/1/3000,32131,Bloor St W / Clendenan Ave,MNRML,Minor-Multi Level,2,501300,Minor,0,0,None,0,None,8,363921,-1,111052,0,0,0,0,0,0,1,0,0,0,0,0,0,0,0,0,0,0,,,,,13764,1842,,,,,,,11436,1627,,,,,,,,,11855,1826,,,,,,,,,9841,2319,,,,,Standard-to-Continental,Low-to-High-Vis,2010,0,1,13764,1842,11436,1627
51744,13466509.00,9/8/2023,1/1/3000,39558,Bloor St W / Clendenan Ave,MNRML,Minor-Multi Level,2,509100,Cul de sac,9,0,None,0,None,8,363921,-1,111053,0,0,0,0,0,0,1,0,0,0,0,0,0,0,0,0,0,0,,,,,13764,1842,,,,,,,11436,1627,,,,,,,,,11855,1826,,,,,,,,,9841,2319,,,,,Standard-to-Continental,Low-to-High-Vis,2010,0,1,13764,1842,11436,1627
12795,13462319.00,12/12/2008,1/1/3000,18361,Yonge St / Crescent Rd,MNRSL,Minor-Single Level,1,501300,Minor,0,0,None,0,None,8,200000,-1,17801,0,0,0,0,0,0,0,0,0,0,0,0,0,0,0,0,0,0,,,,,,,12991,1907,,,,,,,,,12710,3335,,,10106,3758,,,,,,,,,8101.333333,2807.333333,8168.166667,4490,8402,3880,,,Solid-to-Continental,Low-to-High-Vis,2013,0,0,12991,1907,11408,3546.5
53245,13463253.00,12/8/2023,1/1/3000,35829,Bay St / Yorkville Ave,MNRSL,Minor-Single Level,1,501300,Minor,0,0,None,0,None,8,366951,-1,112669,0,0,1,0,0,0,0,0,0,0,0,0,0,0,0,0,0,0,9708,4353,,,,,,,8584,6886,,,,,,,,,,,11331,8385,,,,,9165,6277,,,,,,,,,,,Standard-to-Continental,Low-to-High-Vis,2014,0,0,8584,6886,11331,8385
26063,13466699.00,12/12/2008,1/1/3000,26435,Lansdowne Ave / College St,MNRSL,Minor-Single Level,1,501300,Minor,0,0,None,0,None,8,200000,-1,35226,0,0,0,0,0,1,0,0,0,0,0,1,0,0,0,0,0,0,11907,1929,,,12222.66667,1589,,,10784,1623,,,,,,,,,12797,2375,,,11124,1621,,,11533,3002,,,10481.66667,2511.333333,10405.25,2286.75,,,,,Standard-to-Ladder,Low-to-High-Vis,2016,0,1,12797,2375,11328.5,2311.5
24447,13466674.00,12/12/2008,1/1/3000,2356,Bloor St W / Glendonwynne Rd,MNRSL,Minor-Single Level,1,501300,Minor,0,0,None,0,None,8,200000,-1,32889,0,0,0,0,0,0,0,0,0,0,0,0,0,0,0,0,0,0,,,,,11684,5258,,,,,,,11304,4002,,,,,,,,,10982,4580,,,,,,,,,,,,,,,Solid-to-Continental,Low-to-High-Vis,2011,0,0,11684,5258,11304,4002
11606,13467506.00,12/12/2008,1/1/3000,24014,University Ave / York St / Front St W,MNRSL,Minor-Single Level,1,501300,Minor,0,0,None,0,None,8,200000,-1,16054,0,0,0,0,0,0,0,0,0,0,0,0,0,0,0,0,0,0,,,,,,,19276.33333,20077.33333,,,,,,,,,,,13565.5,18460,17470.25,41718,,,,,,,,,,,11251,8224.5,,,,,Always Ladder,High-Vis Unchanging,,0,0,19276.33333,20077.33333,11251,8224.5
50937,13466759.00,6/14/2023,1/1/3000,23982,Dundas St W / Montrose Ave / Trinity Bellwoods Park Trl,MNRSL,Minor-Single Level,1,501300,Minor,0,0,None,0,None,8,361009,-1,109992,0,0,0,0,0,0,0,0,0,0,0,0,0,0,0,0,0,0,,,,,7594,1265,,,,,,,11190,1216,,,,,,,,,,,,,,,,,,,6541,1902,,,,,Standard-to-Continental,Low-to-High-Vis,2010,0,0,7594,1265,11190,1216
12961,13463150.00,12/12/2008,1/1/3000,9847,Bloor St E / Mount Pleasant Bloor Ramp / Huntley St,MNRSL,Minor-Single Level,1,501300,Minor,0,0,None,0,None,8,200000,-1,18124,0,0,0,0,0,0,0,0,0,0,0,0,0,0,0,0,0,0,,,16539,3801,,,,,,,16121,5914,,,,,,,16197,6556,,,13190,2824,,,,,,,11171.55556,3319.222222,10720.72727,4486.636364,,,,,Standard-to-Continental,Low-to-High-Vis,2017,0,0,16197,6556,11171.55556,3319.222222
53913,13462012.00,2/21/2024,1/1/3000,23065,Danforth Ave / Logan Ave,MNRSL,Minor-Single Level,1,501300,Minor,0,0,None,0,None,8,368792,-1,113492,0,0,0,0,0,0,0,0,0,0,0,0,0,0,0,0,0,0,10669,5178,,,,,,,11862,5309,,,,,,,,,11147,6884,,,,,12367,4496,,,8511.25,3797.5,8460.5,4757.5,8047,5496.5,,,,,Solid-to-Continental,Low-to-High-Vis,2013,0,0,11862,5309,11147,6884
12092,13461467.00,12/12/2008,1/1/3000,37048,Kingston Rd / Beech Ave,MNRSL,Minor-Single Level,1,501300,Minor,0,0,None,0,None,8,200000,-1,16782,0,0,0,0,0,0,0,0,0,0,0,0,0,0,0,0,0,0,,,,,,,14342,1391,,,,,,,,,,,,,11037,821,,,11251,485,,,,,,,,,,,,,Standard-to-Ladder,Low-to-High-Vis,2013,0,0,14342,1391,11037,821
53663,13466444.00,1/24/2024,1/1/3000,1865,Richmond St E / Yonge St / Richmond St W,MJRSL,Major-Single Level,1,501200,Major,0,0,None,0,None,8,367946,-1,113193,0,0,0,0,0,0,0,0,0,0,0,0,0,0,0,1,0,0,,,16044,12121,,,,,,,,,,,,,11750,24487,,,9660,25239.8,,,,,12406,24196,,,,,,,11140,18665,,,Solid-to-Horizontal,Low-to-High-Vis,2015,0,0,11750,24487,11033,24717.9
29637,13466136.00,12/12/2008,1/1/3000,9942,Dundas St W / Beverley St,MNRSL,Minor-Single Level,1,501300,Minor,0,0,None,0,None,8,200000,-1,39854,0,0,0,0,0,0,0,0,0,0,0,1,0,0,0,0,0,0,,,,,,,10281,5537,,,,,,,10975,4911,,,,,,,,,,,,,,,,,8573.5,5823.5,,,,,Standard-to-Ladder,Low-to-High-Vis,2012,0,0,10281,5537,10975,4911
6428,13457151.00,12/12/2008,1/1/3000,30475,Mount Pleasant Rd / Soudan Ave,MNRSL,Minor-Single Level,1,501300,Minor,0,0,None,0,None,8,200000,-1,8644,0,0,0,0,0,0,0,0,0,0,0,0,0,0,0,0,0,0,,,18633,1863,,,,,,,18574,2450,,,,,,,,,,,15266,1802,,,,,,,10973,3296,,,,,,,Always Ladder,High-Vis Unchanging,,0,0,18633,1863,10973,3296
51748,13466857.00,9/8/2023,1/1/3000,2355,Bloor St W / Durie St,MNRSL,Minor-Single Level,1,501300,Minor,0,0,None,0,None,8,363924,-1,111057,0,0,0,0,0,0,0,0,1,0,0,0,0,0,0,0,1,0,,,,,,,,,11319,3639,,,,,,,,,,,,,10866,3690,,,,,,,,,9201,4169,,,,,Solid-to-Ladder,Low-to-High-Vis,2013,0,1,11319,3639,10866,3690
51298,13456135.00,8/11/2023,1/1/3000,20648,Mount Pleasant Rd / Erskine Ave,MNRSL,Minor-Single Level,1,501300,Minor,0,0,None,0,None,8,362877,-1,110517,0,0,0,0,0,0,0,0,0,0,0,0,0,0,0,0,0,0,,,,,14980,893,,,15674,710,,,,,,,,,,,,,14216,774,,,,,,,10843,1394,,,,,,,Always Ladder,High-Vis Unchanging,,0,0,14980,893,10843,1394
6605,13465447.00,12/12/2008,1/1/3000,35237,Ossington Ave / Harbord St,MNRSL,Minor-Single Level,1,501300,Minor,0,0,None,0,None,8,200000,-1,8957,0,0,0,0,0,0,0,0,0,0,0,0,0,0,0,0,0,0,,,,,11356,853,,,,,,,10791,894,,,,,,,,,,,,,,,,,,,8648,973.5,,,,,Standard-to-Ladder,Low-to-High-Vis,2010,0,0,11356,853,10791,894
50365,13463382.00,3/16/2023,1/1/3000,5097,Bay St / Cumberland St,MNRSL,Minor-Single Level,1,501300,Minor,0,0,None,0,None,8,357864,-1,108926,1,0,0,0,0,0,0,0,0,0,0,0,0,0,0,1,0,0,,,,,,,,,,,,,9036,8210,,,,,,,10780,13132,,,,,7799,8141,,,,,,,8823,10958,,,Solid-to-Continental,Low-to-High-Vis,2014,0,0,9036,8210,10780,13132
4316,13465564.00,12/12/2008,1/1/3000,14393,Keele St / Glenlake Ave,MNRSL,Minor-Single Level,1,501300,Minor,0,0,None,0,None,8,200000,-1,5111,0,0,0,0,0,0,0,0,0,0,0,0,0,0,0,0,0,0,,,,,12415,1552,,,,,,,14120,1487,,,,,,,,,,,,,,,10347.4,954.6,11488.5,908.5,10426,1115,,,,,Always Ladder,High-Vis Unchanging,,0,0,12415,1552,10753.96667,992.7
53522,13467106.00,1/4/2024,1/1/3000,14702,Adelaide St W / John St,MNRSL,Minor-Single Level,1,501300,Minor,0,0,None,0,None,8,367420,-1,113010,0,0,1,0,0,0,0,0,0,0,0,0,0,0,0,0,0,0,,,11385,5686,,,,,,,10745,7715,,,,,,,,,,,10125,16007,,,10547,11013,,,,,,,,,,,Standard-to-Continental,Low-to-High-Vis,2010,1,0,11385,5686,10745,7715
18876,13465979.00,12/12/2008,1/1/3000,33909,Queen St E / Sherbourne St,MNRSL,Minor-Single Level,1,501300,Minor,0,0,None,0,None,8,200000,-1,25816,1,0,1,0,0,0,0,0,1,0,0,1,0,0,0,0,0,0,,,12136,2200,,,,,,,,,10692,4268,,,,,,,,,,,,,8267.5,3748,,,,,,,,,,,Solid-to-Continental,Low-to-High-Vis,2010,2,1,12136,2200,10692,4268
24430,13465319.00,12/12/2008,1/1/3000,206,Runnymede Rd / Annette St,MNRSL,Minor-Single Level,1,501300,Minor,0,0,None,0,None,8,200000,-1,32866,0,0,0,0,1,0,0,0,0,0,0,0,0,0,0,0,0,0,,,8722,1400,,,,,,,11746,1346,,,,,,,,,,,,,,,,,10646,1524,,,,,,,,,Always Continental,High-Vis Unchanging,,0,0,8722,1400,10646,1524
54973,13466288.00,4/25/2024,1/1/3000,13112,Spadina Ave / Dundas St W,MJRSL,Major-Single Level,1,501200,Major,0,0,None,0,None,8,371106,-1,114654,0,0,0,1,0,0,0,0,0,0,0,0,0,0,0,0,1,1,,,,,,,17192,13527,,,,,,,13851,24677,,,10599,26960,,,,,,,,,,,,,11912.33333,19619.33333,,,,,Solid-to-Continental,Low-to-High-Vis,2014,0,0,13851,24677,10599,26960
54948,13459820.00,4/23/2024,1/1/3000,31134,Danforth Ave / Dawes Rd,MNRSL,Minor-Single Level,1,501300,Minor,0,0,None,0,None,8,371037,-1,114626,0,0,0,1,1,0,0,0,0,1,0,0,0,0,0,0,0,0,,,,,,,16473,2441,,,,,,,,,13087,1414,,,,,,,,,,,10523,2616,10656.5,1977.5,10231.25,2512.75,10166,2691,,,Standard-to-Continental,Low-to-High-Vis,2016,1,0,13087,1414,10523,2616
54724,13466117.00,4/10/2024,1/1/3000,35960,Adelaide St E / Parliament St,MNRSL,Minor-Single Level,1,501300,Minor,0,0,None,0,None,8,370551,-1,114390,0,0,0,0,0,0,0,0,0,0,0,0,0,0,0,0,0,0,13395,576,,,,,,,8882,685,,,,,,,,,,,,,,,,,11696,1101,10926.5,776,10573,1308.666667,9483,958,,,,,Always Continental,High-Vis Unchanging,,0,0,13395,576,10327.5,1014.222222
14089,13466418.00,12/12/2008,1/1/3000,6580,Bay St / Queen St W,MJRSL,Major-Single Level,1,501200,Major,0,0,None,0,None,8,200000,-1,20058,0,0,1,1,0,0,0,0,0,0,0,0,0,0,0,0,0,0,,,17586,20124,,,,,,,17890,38815,,,,,,,,,14444,20612,,,,,11446,13279,9676,7567,10481,8606,12010.75,16752,9098.5,22699.5,,,Always Ladder,High-Vis Unchanging,,2,0,17586,20124,10316.5625,13906.125
52130,13465036.00,10/17/2023,1/1/3000,25802,Keele St / Humberside Ave,MNRSL,Minor-Single Level,1,501300,Minor,0,0,None,0,None,8,365148,-1,111465,0,0,0,0,0,0,0,0,0,1,0,0,0,0,0,0,0,0,,,12332,903,,,,,,,9681,708,,,,,,,,,,,,,,,,,10019,636.8,10863.5,609.5,9832,661,,,,,Always Ladder,High-Vis Unchanging,,0,0,12332,903,10238.16667,635.7666667
6144,13461488.00,12/12/2008,1/1/3000,30437,Dufferin St / Hope St,MNRSL,Minor-Single Level,1,501300,Minor,0,0,None,0,None,8,200000,-1,8201,0,0,1,0,0,0,0,0,0,0,0,0,0,0,0,0,0,0,,,,,13846,804,,,,,,,11432,641,,,,,,,11606,551,,,,,,,,,10369,532,10088,597,,,,,Standard-to-Ladder,Low-to-High-Vis,2019,0,0,11606,551,10228.5,564.5
12971,13463834.00,12/12/2008,1/1/3000,23917,Jarvis St / Earl Pl / Gloucester St,MNRSL,Minor-Single Level,1,501300,Minor,0,0,None,0,None,8,200000,-1,18139,0,0,0,0,0,0,0,0,0,0,0,1,0,0,0,0,0,0,,,15402,1180,17124,1765,16153,2192,13982,1099,14242,1949,,,,,,,,,12228,2028,,,,,,,,,,,9946,1499.5,,,,,Always Ladder,High-Vis Unchanging,,0,0,16226.33333,1712.333333,9946,1499.5
52666,13464892.00,11/15/2023,1/1/3000,6996,Wallace Ave / Lansdowne Ave,MNRSL,Minor-Single Level,1,501300,Minor,0,0,None,0,None,8,366224,-1,112051,0,0,0,0,0,0,0,0,0,0,0,0,0,1,0,0,0,0,,,,,9646,1268,,,,,,,9917,1974,,,,,,,,,,,,,,,,,8633,1886,7115,1545,,,7438,2015,Standard-to-Continental,Low-to-High-Vis,2010,0,0,9646,1268,9917,1974
54516,13462109.00,3/26/2024,1/1/3000,34758,Danforth Ave / Chester Ave,MNRSL,Minor-Single Level,1,501300,Minor,0,0,None,0,None,8,370161,-1,114171,0,0,0,0,0,0,0,0,0,0,0,0,0,0,0,0,0,0,,,,,,,,,12896,3444,,,,,,,,,9915,4132,,,,,,,,,,,,,7159,2962,,,,,Standard-to-Continental,Low-to-High-Vis,2013,0,0,12896,3444,9915,4132
28639,13468605.00,12/12/2008,1/1/3000,25357,The Queensway / Windermere Ave,MNRSL,Minor-Single Level,1,501300,Minor,0,0,None,0,None,8,200000,-1,38527,0,0,0,0,0,0,0,0,0,0,0,0,0,0,0,0,0,0,,,16327,749,,,,,,,18509,1115,,,,,,,,,17867,1446,,,,,,,,,9899,940,,,,,,,Always Solid,Low-Vis Unchanging,,0,0,16327,749,9899,940
53503,13467204.00,1/3/2024,1/1/3000,5220,Adelaide St W / Peter St,MNRSL,Minor-Single Level,1,501300,Minor,0,0,None,0,None,8,367375,-1,112990,0,1,0,0,0,0,0,0,0,0,0,0,0,0,0,0,0,0,,,,,10441,5010,,,,,,,9669,6285,,,,,9896,9463,,,,,,,10568,12057,,,,,,,,,,,Standard-to-Continental,Low-to-High-Vis,2013,0,0,9669,6285,9896,9463
13147,13465714.00,12/12/2008,1/1/3000,36406,Dundas St E / Yonge St / Dundas St W,MJRSL,Major-Single Level,1,501200,Major,0,0,None,0,None,8,200000,-1,18401,0,1,0,0,1,0,0,0,0,0,0,0,0,0,0,0,0,1,20838,53434,,,15567,31802,,,,,11477,60866,,,,,11823.5,44335.5,10704,34615,,,,,,,,,,,,,9052.5,32129.5,10656,34797,,,Always Ladder,High-Vis Unchanging,,1,1,18202.5,42618,9854.25,33463.25
54699,13466241.00,4/9/2024,1/1/3000,19720,King St E / Parliament St,MNRSL,Minor-Single Level,1,501300,Minor,0,0,None,0,None,8,370500,-1,114363,0,0,0,0,0,0,0,0,0,0,0,0,0,0,0,0,0,0,,,,,9023,1749,,,,,,,,,9836,2650,,,,,,,,,,,,,6339,2970.5,5207,2898,4911,2854,,,,,Standard-to-Continental,Low-to-High-Vis,2010,0,0,9023,1749,9836,2650
21533,13464879.00,12/12/2008,1/1/3000,5456,Dundas St E / River St,MNRSL,Minor-Single Level,1,501300,Minor,0,0,None,0,None,8,200000,-1,28991,0,0,0,0,0,0,1,0,0,0,0,0,0,0,0,0,0,0,,,,,12240,1160,,,,,16854,1693,,,,,,,12186,1269,,,,,,,13912,1609,8917.666667,1362,9585.5,1847.5,10738.66667,1690,,,,,Always Ladder,High-Vis Unchanging,,0,0,12240,1160,9747.277779,1633.166667
14275,13466536.00,12/12/2008,1/1/3000,21849,Bay St / Richmond St W,MJRSL,Major-Single Level,1,501200,Major,0,0,None,0,None,8,200000,-1,20346,0,0,0,0,0,0,0,0,0,0,0,0,0,1,0,0,0,0,18615,26992,,,,,,,15278,11704,,,,,,,,,,,9726,26445,,,,,12350,7204,,,,,,,,,,,Standard-to-Continental,Low-to-High-Vis,2014,0,0,15278,11704,9726,26445
10544,13462844.00,12/12/2008,1/1/3000,19674,Eastwood Rd / Gerrard St E / Coxwell Ave,MNRSL,Minor-Single Level,1,501300,Minor,0,0,None,0,None,8,200000,-1,14454,0,1,0,0,0,0,0,0,0,0,0,0,0,0,0,0,0,1,,,,,,,9215,2558,10251.66667,4203,,,,,,,,,,,9824.5,5358,,,,,,,8360.75,2864.5,11328.5,2971,9226.5,4008,,,,,Standard-to-Ladder,Low-to-High-Vis,2019,0,1,9824.5,5358,9638.583333,3281.166667
49562,13466030.00,9/19/2022,1/1/3000,36408,Dundas St W / St Patrick St,MNRSL,Minor-Single Level,1,501300,Minor,0,0,None,0,None,8,351043,-1,107742,0,0,0,0,0,0,0,0,0,0,0,0,0,0,0,0,0,0,,,,,,,,,,,,,,,8094,6007,,,,,,,9558,11513,,,,,,,,,6919.5,6452,,,,,Standard-to-Ladder,Low-to-High-Vis,2016,0,0,8094,6007,9558,11513
51374,13465901.00,8/17/2023,1/1/3000,28569,Dundas St W / Chestnut St,MNRSL,Minor-Single Level,1,501300,Minor,0,0,None,0,None,8,363173,-1,110616,0,0,0,0,0,0,0,0,0,0,0,0,1,0,0,0,0,0,,,5929,7260,,,,,,,10787,23338,,,,,,,9508,17916,,,,,,,,,,,,,6759.5,7424.5,,,,,Standard-to-Ladder,Low-to-High-Vis,2013,0,0,10787,23338,9508,17916
9029,13461623.00,12/12/2008,1/1/3000,18489,Coxwell Ave / Hanson St,MNRSL,Minor-Single Level,1,501300,Minor,0,0,None,0,None,8,200000,-1,12345,0,0,0,0,0,0,0,0,0,0,0,0,0,0,0,0,0,0,,,,,,,8374,1540,,,,,9409,2939,,,,,,,7717,1662,,,,,,,,,,,,,6941,1905,,,Standard-to-Continental,Low-to-High-Vis,2010,0,0,8374,1540,9409,2939
29657,13461936.00,12/12/2008,1/1/3000,5505,Danforth Ave / Carlaw Ave,MNRSL,Minor-Single Level,1,501300,Minor,0,0,None,0,None,8,200000,-1,39893,0,0,0,0,0,0,1,0,0,0,0,0,0,0,0,0,0,0,,,,,,,11755.5,4454.5,,,,,,,,,9347,3431,,,,,,,,,,,,,,,8462,4850,,,,,Solid-to-Continental,Low-to-High-Vis,2013,1,0,11755.5,4454.5,9347,3431
25036,13464453.00,12/12/2008,1/1/3000,23714,Dundas St W / Gilmour Ave,MNRSL,Minor-Single Level,1,501300,Minor,0,0,None,0,None,8,200000,-1,33667,0,0,0,0,0,0,0,0,0,0,0,0,0,0,0,0,0,0,,,,,10050,286,10162,470,,,,,,,,,,,,,10312,913,,,,,,,,,,,,,9232,608,,,Always Standard,Low-Vis Unchanging,,0,0,10106,378,9232,608
51456,13467817.00,8/22/2023,1/1/3000,5252,Queen St W / Dovercourt Rd,MNRSL,Minor-Single Level,1,501300,Minor,0,0,None,0,None,8,363288,-1,110701,0,0,0,0,0,0,0,0,1,0,0,0,0,0,0,0,0,0,14333,2469,,,9087,1443.5,,,,,,,9440,1734,,,,,,,,,,,,,9132.5,4177.5,,,,,8495,4821,,,,,Standard-to-Ladder,Low-to-High-Vis,2015,1,0,9440,1734,9132.5,4177.5
53507,13467654.00,1/3/2024,1/1/3000,31087,King St W / Portland St,MNRSL,Minor-Single Level,1,501300,Minor,0,0,None,0,None,8,367378,-1,112994,0,0,0,0,0,0,0,0,0,0,0,0,0,0,0,0,0,0,8699,4668,,,,,,,,,8304,5085,,,,,,,,,,,9107,14142,,,,,,,,,2442,7233,,,,,Standard-to-Ladder,Low-to-High-Vis,2013,0,0,8304,5085,9107,14142
11617,13467763.00,12/12/2008,1/1/3000,9982,Front St W / Blue Jays Way,MNRSL,Minor-Single Level,1,501300,Minor,0,0,None,0,None,8,200000,-1,16070,0,0,0,1,0,0,0,0,0,0,0,0,0,0,0,0,0,0,,,13864,4925,,,,,,,14328,10118,,,,,,,,,,,14540,17689,,,,,,,,,9072.5,3975,,,,,Always Ladder,High-Vis Unchanging,,1,0,13864,4925,9072.5,3975
52060,13465705.00,10/16/2023,1/1/3000,19112,Bloor St W / Symington Ave,MNRSL,Minor-Single Level,1,501300,Minor,0,0,None,0,None,8,365030,-1,111387,0,0,0,0,0,0,0,0,0,0,0,0,1,0,0,0,0,0,,,,,,,13338,1600,,,,,10686.5,1949.5,,,,,,,,,,,,,10203,1311,7906.5,1220.75,9145.5,1356,,,,,,,Solid-to-Continental,Low-to-High-Vis,2016,0,1,10686.5,1949.5,9054.75,1265.875
51683,13464529.00,9/1/2023,1/1/3000,30430,Dupont St / Edwin Ave,MNRSL,Minor-Single Level,1,501300,Minor,0,0,None,0,None,8,363760,-1,110965,0,0,0,0,0,0,0,0,0,0,0,0,0,0,0,0,0,0,,,,,10996,652,,,,,,,12224,1209,,,,,9478,856,,,,,,,,,8889,1452,,,8982,1155,9387,1453.5,,,Standard-to-Ladder,Low-to-High-Vis,2016,0,0,10851,1032.5,8889,1452
53500,13467321.00,1/3/2024,1/1/3000,19419,King St W / John St,MNRSL,Minor-Single Level,1,501300,Minor,0,0,None,0,None,8,367354,-1,112987,0,0,0,0,0,0,1,0,0,0,0,0,0,0,0,0,0,0,,,9774,10304,,,,,,,8861,13029.5,,,,,,,,,,,9562,25059,,,,,,,,,,,,,,,Standard-to-Continental,Low-to-High-Vis,2010,0,1,9774,10304,8861,13029.5
52221,13468520.00,10/23/2023,1/1/3000,16662,King St W / Dunn Ave,MNRSL,Minor-Single Level,1,501300,Minor,0,0,None,0,None,8,365329,-1,111569,0,0,0,0,0,0,0,0,0,0,0,0,1,0,0,0,0,0,,,10413,2335,8057,3442,,,,,,,9369,2405,,,,,,,,,8817,2582,,,,,,,,,,,,,,,Standard-to-Ladder,Low-to-High-Vis,2016,0,1,9369,2405,8817,2582
13124,13463293.00,12/12/2008,1/1/3000,27433,Kingston Rd / Dundas St E / Dixon Ave,MNRSL,Minor-Single Level,1,501300,Minor,0,0,None,0,None,8,200000,-1,18365,1,0,0,0,0,0,0,0,0,0,0,0,0,0,0,0,0,0,12437,606,,,,,,,11869,1001,,,9849,1022,7776,493,,,8343,823,10646,660,11092,1020,,,,,,,9801,853,8919.666667,866.3333333,,,,,Standard-to-Continental,Low-to-High-Vis,2010,1,0,12437,606,8812.5,757.5
54282,13461456.00,3/15/2024,1/1/3000,21942,Chester Hill Rd / Broadview Ave,MNRSL,Minor-Single Level,1,501300,Minor,0,0,None,0,None,8,369810,-1,113934,0,0,0,0,0,0,0,0,0,0,0,0,0,0,0,0,0,0,,,,,,,7925,1705,,,,,,,8561,833,,,,,,,,,8782,866,,,,,,,7904,1697,,,,,Standard-to-Continental,Low-to-High-Vis,2016,0,0,8561,833,8782,866
51155,13467601.00,7/11/2023,1/1/3000,9983,Wellington St W / Blue Jays Way,MNRSL,Minor-Single Level,1,501300,Minor,0,0,None,0,None,8,361950,-1,110310,0,0,0,0,0,1,0,0,0,0,0,0,0,0,0,0,0,0,,,,,5304,2311,,,,,8738,12078,,,,,,,5441.5,7418.5,,,,,6814,12242,,,,,,,,,,,,,Standard-to-Ladder,Low-to-High-Vis,2010,0,1,5304,2311,8738,12078
51674,13463602.00,9/1/2023,1/1/3000,7670,Davenport Rd / Laughton Ave,MNRSL,Minor-Single Level,1,501300,Minor,0,0,None,0,None,8,363742,-1,110956,0,0,0,0,0,0,0,0,1,0,0,0,0,0,0,0,0,0,,,,,8624,656,,,,,,,7566,1293,,,,,,,,,,,8615.5,1160,,,,,,,,,8565,1335,,,Always Ladder,High-Vis Unchanging,,0,0,8624,656,8565,1335
53139,13464817.00,12/5/2023,1/1/3000,23962,Bloor St W / Shaw St,MNRSL,Minor-Single Level,1,501300,Minor,0,0,None,0,None,8,366858,-1,112547,0,0,0,0,0,0,0,0,1,0,0,0,0,0,0,0,0,0,,,7988,1304,,,,,,,9729,2402,,,,,,,,,8341.333333,3086.333333,8730.888889,3023.777778,8418,2426,7976,2756,6430.75,2337.5,6869,2688.5,,,,,,,Standard-to-Continental,Low-to-High-Vis,2014,0,0,9729,2402,8496.740741,2845.37037
12205,13467971.00,12/12/2008,1/1/3000,1877,King St W / Strachan Ave,MNRSL,Minor-Single Level,1,501300,Minor,0,0,None,0,None,8,200000,-1,16954,0,0,0,0,1,0,0,0,0,0,0,1,0,0,0,0,0,0,,,,,,,12645,2863,,,,,,,12726,4681,,,,,,,,,,,8463,6394,,,,,8259.75,4607.25,,,9324,3372,Standard-to-Ladder,Low-to-High-Vis,2017,0,0,12726,4681,8463,6394
13316,13466083.00,12/12/2008,1/1/3000,13699,Yonge St / Shuter St,MNRSL,Minor-Single Level,1,501300,Minor,0,0,None,0,None,8,200000,-1,18674,0,0,0,0,0,0,0,0,0,0,0,0,0,0,0,0,0,0,,,10211,8030,,,8710,9690,,,,,9266,9240,,,7713,21137,,,,,9181,15491,,,,,,,,,,,7097,16414,,,Standard-to-Ladder,Low-to-High-Vis,2013,0,0,8988,9465,8447,18314
51151,13464559.00,7/11/2023,1/1/3000,6561,Bloor St W / Manning Ave,MNRSL,Minor-Single Level,1,501300,Minor,0,0,None,0,None,8,361948,-1,110306,0,0,0,1,0,0,0,0,0,0,0,0,0,0,0,0,0,0,,,,,9590,3184,,,,,11377,3629,,,,,,,,,,,,,8360,6120,,,,,,,,,6407,7158,,,Standard-to-Ladder,Low-to-High-Vis,2014,0,0,11377,3629,8360,6120
7066,13460639.00,12/12/2008,1/1/3000,17158,Yonge St / Rosehill Ave,MNRSL,Minor-Single Level,1,501300,Minor,0,0,None,0,None,8,200000,-1,9679,1,0,0,0,0,0,0,0,0,0,0,0,0,0,0,0,0,0,,,15069,4275,,,,,,,,,,,14245,5086,,,,,,,,,13302,3994,,,,,8529.666667,2193,7932.5,3099.333333,8617,3358,,,Standard-to-Ladder,Low-to-High-Vis,2019,0,0,13302,3994,8359.722222,2883.444444
13865,13464161.00,12/12/2008,1/1/3000,4200,Bloor St W / Walmer Rd / Robert St,MNRSL,Minor-Single Level,1,501300,Minor,0,0,None,0,None,8,200000,-1,19590,0,0,0,0,0,0,0,0,0,0,0,0,0,0,0,0,0,0,,,,,9749,2659,9445,5330,,,,,9733,7014,8737,11264,,,,,,,,,8351,10092,,,,,,,,,,,,,Standard-to-Ladder,Low-to-High-Vis,2016,0,0,9235,9139,8351,10092
51434,13462582.00,8/21/2023,1/1/3000,17108,St Clair Ave W / Lansdowne Ave,MNRSL,Minor-Single Level,1,501300,Minor,0,0,None,0,None,8,363262,-1,110677,0,0,0,0,0,0,0,0,0,0,0,0,0,0,0,0,0,0,,,,,9989,1643,,,,,,,,,,,,,7376,3079,,,,,8835,2645,,,,,8296,2120,,,,,7430,1774,Always Ladder,High-Vis Unchanging,,0,0,9989,1643,8296,2120
8986,13467040.00,12/12/2008,1/1/3000,19420,Richmond St W / Peter St,MNRSL,Minor-Single Level,1,501300,Minor,0,0,None,0,None,8,200000,-1,12283,0,0,0,0,0,0,0,0,0,0,0,0,0,0,0,0,0,0,,,,,9383,2993,,,,,,,,,7847,6403,,,8604,7477,,,,,,,,,,,,,,,,,,,Standard-to-Continental,Low-to-High-Vis,2012,0,0,9383,2993,8225.5,6940
52357,13454606.00,10/30/2023,1/1/3000,16338,Mount Pleasant Rd / St Leonard's Ave,MNRSL,Minor-Single Level,1,501300,Minor,0,0,None,0,None,8,365609,-1,111715,0,0,0,0,0,0,0,0,0,0,0,0,0,0,0,0,0,0,,,15077,428,,,,,,,11353,470,,,,,,,,,,,10944,186,,,,,,,,,8126,152,,,,,Standard-to-Zebra,Low-to-High-Vis,2019,0,0,10944,186,8126,152
4570,13466833.00,12/12/2008,1/1/3000,11360,Dundas St W / Shaw St,MNRSL,Minor-Single Level,1,501300,Minor,0,0,None,0,None,8,200000,-1,5702,1,0,0,0,0,0,0,0,0,0,0,0,0,0,0,0,0,0,8166,1785,,,,,,,10062,2007,,,,,,,8076,1839,,,,,,,,,11513,1980,,,7757,2696,7892,2334,,,,,Standard-to-Continental,Low-to-High-Vis,2011,0,0,10062,2007,8076,1839
33912,13466646.00,3/13/2012,1/1/3000,23050,Mill St / Parliament St,MNRSL,Minor-Single Level,1,501300,Minor,0,0,None,0,None,8,219459,-1,54323,0,0,0,0,0,0,0,0,0,0,0,0,0,0,0,0,0,0,,,,,5844,853,,,,,,,,,8026,3658,,,,,,,,,,,7373,4849,5045,2983.5,5711.5,3219,7312,2382,,,,,Standard-to-Continental,Low-to-High-Vis,2010,0,0,5844,853,8026,3658
54094,13465478.00,3/6/2024,1/1/3000,30595,Queen St E / River St,MNRSL,Minor-Single Level,1,501300,Minor,0,0,None,0,None,8,369370,-1,113694,0,0,0,0,0,0,0,0,0,0,0,0,0,0,0,0,0,0,,,,,9212,1181,,,,,,,,,,,7976,1047,,,,,,,,,6323,2017.5,5355,1544.25,5991.333333,2097.666667,,,,,,,Solid-to-Continental,Low-to-High-Vis,2012,0,0,9212,1181,7976,1047
54287,13464498.00,3/18/2024,1/1/3000,33533,Queen St E / Leslie St,MNRSL,Minor-Single Level,1,501300,Minor,0,0,None,0,None,8,369846,-1,113939,1,0,0,1,0,0,0,0,0,0,0,0,0,0,0,0,0,0,,,,,,,10918,1917,,,,,,,7931,1685,,,,,,,,,9542,2211,,,,,6557,1373,,,,,,,Solid-to-Continental,Low-to-High-Vis,2010,2,0,10918,1917,7931,1685
53951,13465397.00,2/23/2024,1/1/3000,17780,Gould St / Church St,MNRSL,Minor-Single Level,1,501300,Minor,0,0,None,0,None,8,368882,-1,113538,0,0,0,0,0,1,0,1,0,0,0,0,0,0,0,0,0,0,9410,12414,8401,6075,,,,,,,7856,6095,,,,,,,,,6951,23017,,,,,,,,,,,,,,,,,Standard-to-Continental,Low-to-High-Vis,2010,0,2,8905.5,9244.5,7856,6095
8977,13466978.00,12/12/2008,1/1/3000,33268,Adelaide St W / Simcoe St,MNRSL,Minor-Single Level,1,501300,Minor,0,0,None,0,None,8,200000,-1,12264,0,0,0,0,0,0,0,0,0,0,0,0,1,0,0,0,0,1,,,,,,,9042,4803,,,,,,,,,,,7813,7705,,,,,,,8945,10517,,,,,,,,,,,Solid-to-Continental,Low-to-High-Vis,2013,0,0,9042,4803,7813,7705
53832,13466069.00,2/12/2024,1/1/3000,9945,Spadina Ave / St Andrew St,MNRSL,Minor-Single Level,1,501300,Minor,0,0,None,0,None,8,368544,-1,113407,0,0,0,0,1,0,0,0,0,0,0,0,0,0,0,0,0,0,,,9619,7354,,,,,,,,,7795,2635,,,,,,,,,,,,,,,,,,,,,7621,5272,,,Standard-to-Continental,Low-to-High-Vis,2010,0,0,9619,7354,7795,2635
53462,13467593.00,12/21/2023,1/1/3000,36991,Simcoe St / Lower Simcoe St / Front St W,MNRML,Minor-Multi Level,2,501300,Minor,0,0,None,0,None,8,367247,-1,112935,0,0,0,0,0,0,1,0,0,0,0,0,0,0,0,0,0,0,12119,22692,,,,,12177,19430.5,,,,,,,,,,,9587,31351,,,,,,,,,,,,,6568,5116,9022,29800,,,Always Continental,High-Vis Unchanging,,0,0,12148,21061.25,7795,17458
53463,13467593.00,12/21/2023,1/1/3000,38634,Simcoe St / Lower Simcoe St / Front St W,MNRML,Minor-Multi Level,2,509100,Cul de sac,9,0,None,0,None,8,367247,-1,112936,0,0,0,0,0,0,1,0,0,0,0,0,0,0,0,0,0,0,12119,22692,,,,,12177,19430.5,,,,,,,,,,,9587,31351,,,,,,,,,,,,,6568,5116,9022,29800,,,Always Continental,High-Vis Unchanging,,0,0,12148,21061.25,7795,17458
51189,13464436.00,7/20/2023,1/1/3000,22298,Dundas St W / Pacific Ave,MNRSL,Minor-Single Level,1,501300,Minor,0,0,None,0,None,8,362275,-1,110373,0,0,0,0,0,0,0,0,0,0,0,0,1,0,0,0,0,0,13511,1576,,,,,,,11660,2629,,,,,,,,,,,9231,2789,,,,,,,,,,,,,7794,4196,,,Standard-to-Ladder,Low-to-High-Vis,2019,1,0,9231,2789,7794,4196
5787,13463938.00,12/12/2008,1/1/3000,22930,Ossington Ave / Hallam St,MNRSL,Minor-Single Level,1,501300,Minor,0,0,None,0,None,8,200000,-1,7619,0,0,0,0,0,0,0,0,0,0,0,0,1,0,0,0,0,0,,,,,10459,2050,,,,,,,,,7976,699,,,,,,,,,,,,,,,7764,1163,,,,,,,Always Standard,Low-Vis Unchanging,,0,0,10459,2050,7764,1163
8206,13464606.00,12/12/2008,1/1/3000,30583,Eastern Ave / Knox Ave,MNRSL,Minor-Single Level,1,501300,Minor,0,0,None,0,None,8,200000,-1,11209,0,0,0,0,0,0,0,0,0,0,0,0,0,0,0,0,0,0,,,9692,313,,,,,,,9399,404,,,,,,,,,7669,250,,,,,,,,,,,8401,252,,,,,Standard-to-Ladder,Low-to-High-Vis,2015,0,0,9399,404,7669,250
4329,13466258.00,12/12/2008,1/1/3000,14403,Roncesvalles Ave / Dundas St W,MNRSL,Minor-Single Level,1,501300,Minor,0,0,None,0,None,8,200000,-1,5143,0,0,0,0,1,0,0,0,0,0,0,0,0,0,0,0,0,0,,,,,9678,611,,,,,7661,1932,,,,,,,9591.5,2035,,,,,,,,,9542,2206,,,8390.875,2325.625,,,,,Standard-to-Ladder,Low-to-High-Vis,2010,0,0,9678,611,7661,1932
26051,13464722.00,12/12/2008,1/1/3000,14638,Bloor St W / Montrose Ave / Christie Pits Park Trl,MNRSL,Minor-Single Level,1,501300,Minor,0,0,None,0,None,8,200000,-1,35186,0,0,0,0,0,0,0,0,0,0,0,0,0,0,0,0,1,0,9138,1180,,,,,,,8489,1767,,,7883,1559.5,,,,,,,,,,,7580,1342,,,6288.666667,1211.666667,,,,,,,,,Standard-to-Ladder,Low-to-High-Vis,2014,0,0,8186,1663.25,7580,1342
11452,13467303.00,12/12/2008,1/1/3000,27055,York St / Wellington St W,MNRSL,Minor-Single Level,1,501300,Minor,0,0,None,0,None,8,200000,-1,15766,0,0,0,0,0,0,0,0,0,0,0,0,0,0,0,0,0,0,,,9040,8892,,,,,,,,,10265,21676,,,,,6359,6101,,,5191,32338,,,9866,25798,,,,,,,,,,,Standard-to-Ladder,Low-to-High-Vis,2016,0,0,8312,13888.5,7528.5,29068
54650,13465581.00,4/5/2024,1/1/3000,19385,College St / Augusta Ave,MNRSL,Minor-Single Level,1,501300,Minor,0,0,None,0,None,8,370422,-1,114313,0,0,0,0,0,0,0,0,0,0,0,0,0,0,0,0,0,0,,,,,,,8797,5884,,,,,,,,,,,,,,,9544,3491,,,,,,,,,,,7481,5266,,,Always Continental,High-Vis Unchanging,,0,0,8797,5884,7481,5266
52012,13465025.00,10/12/2023,1/1/3000,16628,Palmerston Blvd / Harbord St,MNRSL,Minor-Single Level,1,501300,Minor,0,0,None,0,None,8,364957,-1,111339,0,0,0,0,0,0,0,0,0,0,0,0,0,0,0,0,0,0,,,8476,1395,,,,,,,8227,986,,,,,,,,,,,,,7469,1251,,,,,,,,,6124,1559,,,Standard-to-Ladder,Low-to-High-Vis,2015,0,0,8227,986,7469,1251
23437,13466217.00,12/12/2008,1/1/3000,9943,Dundas St W / Huron St,MNRSL,Minor-Single Level,1,501300,Minor,0,0,None,0,None,8,200000,-1,31316,0,0,0,0,0,1,0,0,0,0,0,0,1,0,0,0,0,0,,,,,,,,,6640,11448,,,,,7195,9393,,,,,,,,,,,,,,,,,5292,4324,,,,,Standard-to-Continental,Low-to-High-Vis,2012,1,0,6640,11448,7195,9393
6601,13465359.00,12/12/2008,1/1/3000,1849,Harbord St / Shaw St,MNRSL,Minor-Single Level,1,501300,Minor,0,0,None,0,None,8,200000,-1,8952,0,0,0,0,1,0,0,0,0,0,0,0,0,0,0,0,0,0,,,,,9428,1094,,,,,,,7063,1545,,,,,,,,,,,,,,,,,5790,1044,,,,,,,Standard-to-Ladder,Low-to-High-Vis,2010,0,0,9428,1094,7063,1545
54397,13463914.00,3/20/2024,1/1/3000,736,Dundas St E / Leslie St,MNRSL,Minor-Single Level,1,501300,Minor,0,0,None,0,None,8,369984,-1,114052,0,0,0,0,0,0,0,0,0,0,0,0,0,0,0,0,0,0,7749,1268,,,,,,,6775,714,,,,,7428,992,,,,,,,,,,,,,,,,,7056,960,,,,,Always Standard,Low-Vis Unchanging,,0,0,7749,1268,7056,960
53539,13467096.00,1/5/2024,1/1/3000,8379,Queen St W / Augusta Ave,MNRSL,Minor-Single Level,1,501300,Minor,0,0,None,0,None,8,367453,-1,113032,0,0,0,0,0,0,0,0,0,0,0,0,0,0,0,0,0,0,,,7695,5452,,,,,,,6793,6250,,,,,,,,,,,,,9109,8408,,,,,,,5989,5451,,,,,Standard-to-Ladder,Low-to-High-Vis,2010,0,0,7695,5452,6793,6250
48916,13467695.00,5/31/2022,1/1/3000,11997,John St / Front St W / Isabella Valancy Crawford Park Trl,MNRSL,Minor-Single Level,1,501300,Minor,0,0,None,0,None,8,347117,-1,106739,0,0,0,0,0,0,0,0,0,0,0,0,0,0,1,0,0,0,,,,,,,11977,18295,,,,,,,,,,,8536.5,18174.5,,,,,,,,,,,,,6729,4871.5,,,,,Always Ladder,High-Vis Unchanging,,0,1,11977,18295,6729,4871.5
48296,13467277.00,11/2/2021,1/1/3000,28576,Richmond St W / Portland St,MNRSL,Minor-Single Level,1,501300,Minor,0,0,None,0,None,8,336640,-1,105727,0,0,0,0,0,0,0,0,0,0,0,0,0,0,0,0,0,1,,,,,4520,1628,,,,,,,,,6327,5835,,,,,,,,,,,,,,,,,5013,5087,,,,,Standard-to-Continental,Low-to-High-Vis,2012,0,0,4520,1628,6327,5835
48295,13467481.00,11/2/2021,1/1/3000,7774,Adelaide St W / Portland St,MNRSL,Minor-Single Level,1,501300,Minor,0,0,None,0,None,8,336640,-1,105726,0,0,0,0,0,0,0,0,0,0,0,0,0,0,0,0,0,0,,,,,,,6417,3171,,,,,,,,,,,6313,2694,,,,,,,7975,5510,,,,,4597,3855,,,,,Standard-to-Continental,Low-to-High-Vis,2013,0,0,6417,3171,6313,2694
53711,13467150.00,1/31/2024,1/1/3000,4235,Queen St W / Portland St,MNRSL,Minor-Single Level,1,501300,Minor,0,0,None,0,None,8,368160,-1,113245,0,0,0,0,0,0,0,0,0,0,0,0,0,0,0,0,0,0,,,,,,,7140,3596,6897,1346,,,,,,,,,,,,,6221,9439,,,,,,,,,5708,4416,,,,,Standard-to-Continental,Low-to-High-Vis,2013,0,0,7018.5,2471,6221,9439
9295,13468316.00,12/12/2008,1/1/3000,35271,Robertson Cres / Rees St / Queens Quay W,MNRSL,Minor-Single Level,1,501300,Minor,0,0,None,0,None,8,200000,-1,12739,0,0,0,0,0,0,0,0,0,0,0,0,0,0,0,0,0,0,,,5290,1456,,,,,,,,,6063,2434,,,,,,,,,,,,,6108.333333,11884.66667,,,,,,,,,,,Standard-to-Continental,Low-to-High-Vis,2015,0,0,6063,2434,6108.333333,11884.66667
49277,13463717.00,7/26/2022,1/1/3000,22458,Woodfield Rd / Dundas St E,MNRSL,Minor-Single Level,1,501300,Minor,0,0,None,0,None,8,348430,-1,107340,0,0,0,0,0,0,0,0,0,0,0,0,0,0,0,0,0,0,,,7061,563,,,,,,,7206,811,,,,,,,7971,834,,,,,7198,967,,,5948,565,,,6243,955,,,,,Standard-to-Ladder,Low-to-High-Vis,2019,0,0,7584.5,900.5,6095.5,760
13668,13468568.00,12/12/2008,1/1/3000,4245,Dufferin St / Liberty St,MNRSL,Minor-Single Level,1,501300,Minor,0,0,None,0,None,8,200000,-1,19252,0,0,0,0,0,0,0,0,0,0,0,0,0,0,0,0,0,0,,,8151,831,,,,,7824,1085,,,,,9451,1186,,,,,5964,388,,,9547,3130,,,,,,,7511,925,,,,,Standard-to-Continental,Low-to-High-Vis,2013,0,0,7824,1085,5964,388
8586,13464056.00,12/12/2008,1/1/3000,23015,Wellesley St E / Homewood Ave,MNRSL,Minor-Single Level,1,501300,Minor,0,0,None,0,None,8,200000,-1,11787,0,0,0,0,0,0,0,0,0,0,0,0,0,0,0,0,0,0,,,,,,,,,,,7037,2946,,,,,5946,2798,,,,,,,,,,,,,,,,,5490,4538,,,Standard-to-Continental,Low-to-High-Vis,2013,0,0,7037,2946,5946,2798
48608,13464965.00,2/18/2022,1/1/3000,1955,Dundas St E / Sumach St,MNRSL,Minor-Single Level,1,501300,Minor,0,0,None,0,None,8,342013,-1,106182,0,0,0,0,0,0,0,0,0,0,0,0,0,0,0,0,0,0,,,,,,,6667,1357,,,,,,,,,,,8057,1513,,,,,8581,1564,,,5317,1667,5842.666667,2656,6665,2591.5,,,,,Always Ladder,High-Vis Unchanging,,0,0,6667,1357,5941.555556,2304.833333
11357,13468224.00,12/21/2008,1/1/3000,37894,King St W / Atlantic Ave,MNRML,Minor-Multi Level,2,509200,Pseudo,9,0,None,0,None,8,200000,-1,15598,0,0,0,0,0,0,0,0,0,0,0,0,0,0,0,0,0,0,,,,,11363,943,,,,,,,,,11228,1830,,,,,,,,,8854,2769,,,,,,,5185,3539,,,,,Always Standard,Low-Vis Unchanging,,0,0,11363,943,5185,3539
11358,13468224.00,12/12/2008,1/1/3000,16074,King St W / Atlantic Ave,MNRML,Minor-Multi Level,2,501300,Minor,0,0,None,0,None,8,200000,-1,15599,0,0,0,0,0,0,0,0,0,0,0,0,0,0,0,0,0,0,,,,,11363,943,,,,,,,,,11228,1830,,,,,,,,,8854,2769,,,,,,,5185,3539,,,,,Always Standard,Low-Vis Unchanging,,0,0,11363,943,5185,3539
13569,13467486.00,12/12/2008,1/1/3000,5274,High Park Blvd / Fermanagh Ave / Roncesvalles Ave,MNRSL,Minor-Single Level,1,501300,Minor,0,0,None,0,None,8,200000,-1,19079,0,0,1,1,0,0,0,0,0,0,0,0,1,0,0,0,0,0,,,,,,,2304.5,2564,,,,,,,5145,2052,,,,,,,,,,,,,,,,,5382,3570,,,,,Standard-to-Continental,Low-to-High-Vis,2010,2,0,2304.5,2564,5145,2052
38371,13468466.00,6/1/2015,1/1/3000,13127,Lower Spadina Ave / Queens Quay W / Martin Goodman Trl,MNRSL,Minor-Single Level,2,501300,Minor,0,0,None,0,None,8,241838,-1,83831,0,0,0,0,0,0,0,0,0,0,0,0,0,0,0,0,0,0,,,6814,1804,,,,,,,,,7523,2887,,,,,,,,,,,,,4894.333333,6028,,,,,,,,,,,Solid-to-Continental,Low-to-High-Vis,2015,0,0,7523,2887,4894.333333,6028
48669,13468120.00,3/16/2022,1/1/3000,10013,King St W / Sudbury St,MNRSL,Minor-Single Level,1,501300,Minor,0,0,None,0,None,8,343651,-1,106288,0,0,0,0,0,0,0,0,0,0,0,0,0,0,0,0,0,0,,,,,,,10116,2241,,,,,,,,,,,8806,1835,,,,,9137,1993,,,,,,,4784,1675,,,,,Always Standard,Low-Vis Unchanging,,0,0,10116,2241,4784,1675
14093,13466322.00,12/12/2008,1/1/3000,21248,Queen St E / Yonge St / Queen St W,MJRSL,Major-Single Level,1,501200,Major,0,0,None,0,None,8,200000,-1,20064,0,0,0,0,0,0,0,0,0,0,0,0,0,0,0,0,0,0,,,14142,28209,,,,,,,,,11711,24577,,,11172,22886.5,,,12179,32723.25,,,,,12752,28693,,,,,,,4428,22855,,,Solid-to-Continental,Low-to-High-Vis,2019,0,0,12179,32723.25,4428,22855
8281,14255097.00,12/12/2008,1/1/3000,27063,Bathurst St / Fort York Blvd,MNRSL,Minor-Single Level,1,501300,Minor,0,0,None,0,None,8,200000,-1,11365,0,0,0,0,0,0,0,0,0,0,0,0,0,0,0,0,1,0,13903,308,,,,,,,12949,467,,,,,,,,,13151,4538.666667,,,,,14904,5433,,,,,3948,5724,4527,5007,,,,,Standard-to-Continental,Low-to-High-Vis,2019,0,1,14027.5,4985.833334,4237.5,5365.5
51762,13455137.00,9/11/2023,1/1/3000,36678,Duplex Ave / Glengrove Ave W,MNRSL,Minor-Single Level,1,501300,Minor,0,0,None,0,None,8,363951,-1,111072,0,0,0,0,0,0,0,0,0,0,0,0,0,0,0,0,0,0,,,,,6341,810,,,,,,,6219,720,,,,,,,,,,,5257,497,,,2278,630.3333333,,,,,,,,,Standard-to-Ladder,Low-to-High-Vis,2019,0,0,5257,497,2278,630.3333333
